"","score","review"
"1","10"," 되게 스릴 있고...코미디도 적당히 들어간 재미있는 느낌이었습니다"
"2","7"," 코미디인데 별 재미는 없네; 쫄깃한 장면 좀 있는 재난액션물"
"3","10"," 대박대박 재밌어요"
"4","3"," 유치한 대사로 웃겨볼려는 3류 코미디재난 영화."
"5","10"," "
"6","10"," "
"7","6"," exit, excite, exist!"
"8","1"," "
"9","10"," 따따따 따-따-따 따따따"
"10","8"," 중간에 개연성이 좀 뛰는거 빼곤 재밌었음"
"11","10"," "
"12","9"," 천만가자"
"13","10"," 기대 안하고 봤는데, 진짜 재미있게 봤다.야나두 조정석에서 엑시트 조정석으로 바뀜. "
"14","10"," 이영화벌써4번봄ㄷㄷ개꿀재"
"15","3"," 유치, 황당....두 주연 배우의 소꿉장난 같은 연기는 귀엽긔....ㅋ ㅋ "
"16","3"," 외국영화에서는가족이야기가 나왔는데미세먼지가지상을 덮는다는내용의 영화가 있었죠"
"17","10"," 설정 비유 재미!"
"18","1"," 도대체어디에서웃어야 하지?처음부터 끝까지 한번도 안웃은 코미디영화는 처음이네"
"19","8"," 잘 찍었네요,영화 전체가 긴장감이 쭉 이어지네요"
"20","5"," 산악부라는게 큰 포인트인데, 하강을 못하는 설정이라 보여줄거리의 절반이 날아감.달리기로만 때운장면도 그렇고 후반부가 좀 아쉬웠음."
"21","8"," 시간이 훅 가네요 ㅋㅋㅋ 굳굳굳 ㅋㅋㅋㅋ "
"22","8"," "
"23","6"," 잼있게 봣는데.......결국 ...천만은 못넘네....................딱 목에 걸렸네...."
"24","1"," 한국영화 수준 참........"
"25","0"," 100분동안 고문 받았다 유치해서 손발이 오글거리는 상태로 끝까지 보는게 마치 고문같았다"
"26","10"," ㄷ"
"27","9"," 진짜 대박ㅜㅜㅜ 개잼잇음 개인적으로 진짜 내취향저격,, 평범한 재난영화에서 나오는 해병대 군인 근육짱짱맨이 안나오는 설정이라 더 현실성있고 재밌었음 강추합니다"
"28","7"," 뻔한 스토리라도 볼만함 조정석 구여움은 만점 ㅋ"
"29","9"," 재미와 유머가 극한 재난 상황과 잘 버무려진 흥미진진한 장면들로 가득찼네요 몰입도 최강이었습니다!"
"30","9"," 한국식 고공 액션물의 승리.충무로도 하면 되네?ㅋㅋㅋㅋㅋㅋ"
"31","6"," 노력은 열심히 했다. 그런데런닝타임내내 빠져들어 보는게아니라 그냥 빨리보기로 다음이 어찌되는지 궁금한정도 였음.대충만든건 아닌데, 그렇다고 시나리오가 아주 꼼꼼하진 않았고, 여기저기 신경써서 유튜버들과 드론을 등장시키는등 애쓴흔적은 보이나 수작이라 말하기도 뭐한..킬링타임용 영화정도.."
"32","3"," 그냥 윤아가 이뻐서 3점은 준다"
"33","10"," 강추합니다.청년여러분, 모두 힘내세요.유독가스, 고층빌딩, 외줄타기 등등여러분이 처해있는 어려운 상황을 잘 묘사했더군요."
"34","2"," 초반에 약간 긴장감 있었지만, 뒤로 갈수록 줄타기와 벽타기의 반복에 긴장감이 떨어진다. 뻔한 전개와 분위기로 인해 어차피 주인공들을 살 것 같아서 그렇기도 하고."
"35","10"," 나만 당할 수 없다.초딩들 재관람을 얼마나 했길래 이게 900만을 넘어저학년용 ebs영화."
"36","10"," 큰 기대는 안했는데 재밌네요^^스토리보다는 조정석과 윤아의 위기탈출 과정이 흥미진진하고 볼만했습니다."
"37","1"," 노잼"
"38","1"," 아니 어떻게 이런 유치찬란힌 영화가 9백만?믿기지가 않네어~휴 극한직업 발톱의 때만도 못한 닭살 돋는 망작"
"39","10"," 드뎌 나왔구나 .저는 이영화 울향림이랑 볼꺼에요^^♡근데 언제 보게될줄 자알 모르겠네요ㅠㅠ 울 향림이 사랑한다 ^^♡죽어서도 사랑할꺼다^^♡"
"40","0"," 유치하고 억지로 웃기려고하고 오버하고 윤아는 재난영화에 어울리지 않음. 그리고 재난영화인데 긴장 하나도 안듬. 스토리가 중학생 수준"
"41","10"," 간만에 아주 재밌게 봤어요. 이 정도면 만점 주고 싶네요."
"42","10"," 한국 재난영화중 가장 최고라고 생각합니다과장되지않은 인간미물씬 풍기는 영화영화 평점 처음 올려봅니다"
"43","0"," 와 이런 영화를 900백만명이나 보러 갔나?진짜 하류 영화같다..이해가 안된다너무너무너무너무너무너무너무 퀼리티가 떨어지고 재미도 없고 진짜 솔직한 후기다 ㄷㄷ"
"44","6"," 이걸 900만이 봤다고???쓸데없는 군더더기 없이 액기스만 보여준 영화엔 박수조정석의 투머치한 연기는 언제쯤 조정될려나연기자 윤아로는 충분히 박수우왕좌왕 쓸데없는 소란만을 유발한 가족들로 감독은 멀보여주자는건지.도대체 이런 영화에 백수청년의 비애를 꼽싸리 끼우며 호들갑떤 언론의 투머치는 누가 조정해주나..."
"45","1"," 별점 4개이상 준 사람들은 관계자 아니면 유치한 영화 좋아하는 사람인가??????????쇼하고 자빠젔네...이런 영화가 별 4개이상이면 미국 헐리웃 영화는 별 100개냐.."
"46","8"," 솔직히 900만 영화까지는 아니지만, 이 정도면 꽤 괜찮다고 봄. 조정석은 진짜 매력만점의 배우인거 같다. 매 영화마다 좀 다른 느낌이지만, 그 역할 소화를 진짜 잘함. 윤아도 생각보다 코미디 연기에 잘 어울리네요. 진짜 잘 뜀..ㅋ 제작비 안들이고 이정도면 진짜 잘 만든거임. "
"47","10"," 클라이밍 배워보고 싶게 만들었어요!!! 끝부분에 드론 나와서...드론으로 중학생들 가르치는 입장에서 수업자료로참고해서 이야기할수 있을듯...충분히 가능한거라서 재밌게 봤네요~^^"
"48","1"," 0점이 안눌려요"
"49","10"," 윤아 울상에서 이미 10점"
"50","7"," 마지막 드론 장면이 너무 말이 안되었지만 전체적으로 보면 이정도면 한국에서 만든 재난 영화치곤 수작으로 들갈듯"
"51","10"," 잼나고 손에 땀나게 봤네요ㅋㅋㅋ 따따~ 따따따~ ㅋㅋㅋ "
"52","7"," "
"53","1"," 짱구 극장판 각본을 실사영화로 가져왔다따 따 따따따...ㅋㅋㅋ어린이용 애니메이션에나 나올법"
"54","9"," "
"55","8"," 재미는 있는데 스릴감은 별로 조정석은 뭐 당연 연기 쩌는데 윤아도 생각보다 연기 잘 하네ㅋㅋ"
"56","10"," 재난이라는 소재를 보다 가볍고 일상적으로 담아내서 좋은 것 같아요 제 곁에서도 이런 일이 일어날 수 있을 것같다는 생각이 들어 현실감이 올랐어요! 물론 탈출 방법은 그렇지 않지만~^^ 조정석씨도 윤아씨도 연기가 부자연스럽지 않아 더 재밌어요~ 천 만의벽은 못 넘은 것같지만 940만 이상의 사람들에게 따따따 따 따 따 따따따를 남기는 데에는 성공!^^"
"57","9"," 어 쫌 무겁긴 하네."
"58","10"," 올 한국영화중 가장 재미있게 봐습니다. 최고의 명대사 ' 따따따 따따따 따따따따 따따' ~"
"59","10"," 가볍게봤는데역시 조정석씨의 코믹연기는 일품 재밌게 보기도했고 유독가스사고 위험성도 알게된영화"
"60","10"," 손에 땀을 쥐고 봤어요. 너무 재미있었음!"
"61","10"," 완죤 꿀잼~~"
"62","8"," 따따따 따 따 따 따따따 인데.. 밑에 0점 1점 평점들은 영화 보기나 하신건지.. 딱 기획했던 만큼은 모두 다 보여 준 영화. 길이 남을 명작은 아니더라도 즐겁게 볼 수 있는 영화. 전 좋았습니다. "
"63","3"," ㅎㅎ 쇼한다는 소리가 절로 나오네,ㅋ900만이 넘었다니...훗 알다가도 모를 관객수 "
"64","1"," 올해의 명대사.. 따 따 따따따 따따따따따...하아....진짜 900만 실화냐? 아방 BJ 나왔을때 너무 크게 웃었다 어이없어서"
"65","0"," 따 따 따따따 따따따따따. 참 우리 한국 사람들이 참 문화생활거리가 없긴 없다. 이런 영화가 900만원을 보다니. 참. 어이가 없더라. 반면에 9백만을 넘겼어야할 봉오동 전투는 기껏 400만. "
"66","10"," "
"67","3"," "
"68","10"," 꿀잼"
"69","10"," 재밌다"
"70","10"," 군더더기 없어서 너무 좋았음. 진짜 담백하고 목적이 확실한 영화. 조정석의 능청연기는 한국 최고인듯"
"71","10"," 잼있기만하네"
"72","5"," "
"73","3"," 예상 외로 재미있다고 해서 봤는데예상대로 별로인 영화스토리고짜임새고 뭐고 없음힘겹게 옥상올라가는 걸로 대부분이 흘러감끊어지지 않는 연출력 정도 있음생각없이 보면 그럭저럭 볼만함"
"74","9"," 잼있어여 가볍게 보면서도 뭔가 뭉클한? 암튼 박진감 넘쳐요 영화가 항상 빵빵 터져야하는건 아니잖아요 볼만합니다 ^^ 전 너무 잼있게 봤어요"
"75","10"," 역시 조정석!! 임윤아도 최고^^"
"76","7"," 클라이밍을 재난스토리에 잘 접목시킨 가볍게 볼수있는 영화"
"77","1"," 넘 유치하고억지스런 설정  돈주고 보면 아까울듯"
"78","9"," 재미도 있지만. 새로운 트랜드(오락하는 느낌)의 구도 도입 등. 다양한 카메라 앵글 및 액션 시도에 창의적이라는 감탄이 절로 나옴. 글로벌 히트 가능할것 같은 재미..."
"79","10"," 간만에 잘 웃었음.. ㅎㅎ "
"80","8"," 천만영화 코앞에서 온라인 판매하고2번씩 봤음 술술술 "
"81","1"," 억지스런 설정에지겨운 만류에질질질질끌어대면서장소만바꿔가며찍은위기극복장면들의나열로속도감없는전개에신파아닌척하는신파에그냥 전형적인 B급영화이런걸 굳이 왜 보러가는지도무지이해불가"
"82","1"," 정부 지원금이 남아서 인더더스트를 배낀영화 끝."
"83","9"," 와 대박 잼났어 긴장감도 있고 재미도 있고 신선한 영화!! "
"84","9"," 다른 말 필요 읎고요. 이게 바로 한국에서 만든 영화다."
"85","8"," 응!생각보다 웃겼어ㆍ볼만했어ㆍ가슴을 후벼판건 봉오동전투 좋았지ㆍ박진감ㆍ희열ㆍ우리조상 독립군들ㆍ액시트는 그냥 소소하게 시간떼우고 꽤나 흥미롭게 잼있게본 영화ㆍ주인공남자분 잘생겼든디 마누라가 거미라ㆍㆍ흠ㆍ스타일 특이하시네 하하하ㆍ거미는 얼굴상이 남자상인데ㆍ앗!죄송 얼굴비하하는건아닌데 거미는 외모가 남자상에 마녀상이라 좀 섬뜻한데 암튼 취향 특이하시네ㆍㆍ성격보신건가? 흠 ㆍㆍ외모보단 내적을 더 중시하는 나도 이해는감ㆍ남자배우 잘생기고 연기도 좋았음!"
"86","6"," 한국의 주성치 조정석이 있다 !긴장감은 인정"
"87","2"," 생존자 두명이하는 파리목숨으로 여기나?드론도 금방 찾아내는데 헬기가 못찾아서 그렇게 뛰어갈 동안 구조하러 올 생각을 안하네.."
"88","0"," 쓰레기 윤아?아이돌것들좀그만쳐나와라,영화베린다,"
"89","3"," 기대가 너무 컸던 것 같아"
"90","6"," 예고편 보고 너무 기대를 안해서 일까킬링타임용은 되는듯"
"91","10"," 좋았다"
"92","10"," 아니 0점 주신분들 뭡니까10점은 줘야지"
"93","10"," 시사회때 봤는데 신선하고 재밌었음"
"94","10"," 재밌었음!외국진출해도 좋을듯"
"95","1"," 노잼"
"96","8"," 오버스럽지만 재미는 있어요."
"97","10"," 재미 있구만^^명품배우들 연기 때문에 영화가 살았다"
"98","10"," "
"99","9"," 신선하고 볼만함"
"100","0"," 하아진짜 재미없는데요.하나도안웃기고 한번도 웃은적없음.개연성도없고 일관성도없고 웃기지도않고 재미도없고 내용도없고하아..."
"101","10"," 재미있네"
"102","0"," 재미도 없어 긴장감도 그닥이야..제작비의 50%는 평점댓글 알바급여다. 이게 내 결론이다."
"103","8"," 올해 본 영화 중 다섯손가락 안에 들겄네~"
"104","10"," 긴장감 최고."
"105","10"," 한순간도 긴장의 끈을 놓을수 없는 영화그후 알콩달콩이 있었음 왠지 더좋았을...잼있었어요"
"106","10"," "
"107","10"," 좋았음"
"108","6"," "
"109","8"," 옥의 티가 많이 있데. 그나자나 긴장감 넘치고 재밌는 영화.. 지겹지 않음"
"110","10"," 재미있고 감동적이네요"
"111","9"," 오랜만에 재밌는 조정석 영화를 만났네 ㅋㅋㅋ 오래걸렸다 ㅋ "
"112","9"," 잼있다... 꼭.보길.."
"113","10"," 너무 재밌는영화~"
"114","8"," 이정도면 괜찮은거 아님? 아무리 재미없어도 1점은 아니질않냐?...평점테러하는 쓰레기들...니들이 좋다는 영화를 한번 보고싶다."
"115","9"," 잼났움"
"116","8"," 기대 없이 봤다. 900만 넘은 건 의외이지만, 긴장감 넘치는 연출력 좋았다!"
"117","1"," 왜 봤을까??"
"118","1"," "
"119","10"," "
"120","8"," 재미있다. 연기 잘한다. 전개좋다."
"121","7"," 재난 상황을 소재로 펼쳐지는 코미디가 유쾌하군"
"122","10"," 난 잼나게 봤음.이정도면 잘 맹글었음.잘한건 좀 잘했다고 해라. 평점 1점들아,,,뭔 쌤통이 이렇게 심하냐?,,혹시,,쩍바리?????"
"123","10"," "
"124","1"," 영화보다가 그만본건 염력이후 두번째임.졸작도 이런 졸작이 없었고 염력을 염병이라고 생각했는데이것도 쌍욕나몸.완전 초등영화.에라이~~"
"125","1"," 영화보다 짜증나서 속으로 욕하며 봄 ㅜㅜ평점에 낚여봤는데 너무너무 유치함...우리나라 영화 수준 이것 밖에 안되나ㅠㅠ"
"126","8"," 재밌었다 긴장감 좋고~아이들과 같이 봐도 좋았다. 코믹요소도 조금 있지만 약간 어색.. 마무리 아쉬움"
"127","1"," ......."
"128","1"," 정말 유치해서...평점에 낚이다...졸라 재미없다...수준이하...쌍팔년도 영화수준...핸드폰으로 구조요청하는 장면...유치해서 내가 다 무안하다...감독...참....자질이 없다...."
"129","10"," 진짜 재밌었요"
"130","6"," ㆍ"
"131","10"," 말이 필요없는 최고영화입니다보는 각도의 수준을 높여주세요재미로만 끝나는 영화가 아니네요"
"132","10"," 올해 영화중에는 최고인듯"
"133","10"," 최고네요"
"134","7"," 한국 국민들의 수준이 보인다. 이런영화가 무슨 천만? 거지같은 영화"
"135","1"," 원맨쇼~~~~둘이 지금 머하니?"
"136","6"," 재밌고 참신한 재난영화. 코미디랑 설정의 디테일함, 신파는 조절의 간극이."
"137","10"," 이런영화가 천만이상 가야죠 극한직업이 1600만인데ㅋ엑시트 재난영화중에 최고아닐까요 울고웃고 재밌었어요 배우들 연기도 잘하고요ㅜㅜ"
"138","8"," "
"139","0"," 제작비에 홍보 마케팅비용 비율이 제일 컸을듯..ㅠㅠ"
"140","5"," 배우들의 연기도 좋고 매번 재난영화는 폭탄테러나 화제였는데생화학테러라는 설정도 신선했는데 물로씻겨져나다는게 어이없었음 그많은 빌딩에 연기나는데 스프링쿨러만 터져도 저런 상황이 안생기는거 아닌가 ... 그리고 그 씻겨져간 화학가스가 물은 안 오염시키가테러 이유도 단순한 회사해고에대한 앙심 이런 개연성이 조금 아쉬웠네요 "
"141","1"," 누구를 미워하는게 아니다이런영화가 천만 가까이...조작이 아니라면 우리나라 수준 정말 급 실망..ㅋㅋ"
"142","10"," 신파랑 감동을 구분 못하는 찌질이들이 평점 테러해서 그렇지 좋은 영화임"
"143","10"," "
"144","4"," "
"145","9"," 막판에신파삼류삘이있어그렇지어벤져스 엔드게임보다스릴있더라윤아궁댕이가좀더나왓음하지만감독이양심이있더라"
"146","8"," 재미나게 잘 봤어요드론나오는 장면에 감동~기계지만 사람이 만든 기계"
"147","3"," 유치에 신파에 재미도 없고.... 우리나라 영화산업이 퇴보하는 것 같다."
"148","10"," "
"149","9"," "
"150","10"," 예상했던거 보다 재밌었어요신선한 느낌의 재난영화였어요"
"151","10"," 재미있었어요!!^^"
"152","10"," 최고"
"153","1"," 기억나는게 따따따 따따 따 따따따 밖에..영화내용주인공은백수다어떤 인간이 회사잘렸다고 유독가스퍼트렸다 그로인해 맡자마자 바로 화상에 호흡곤란까지 생기는사람이 대량으로 발생한다살려고 벽타고 옥상올라가서 구조를 기다린다(목숨걸고 벽타고올라왔는데 가족들은 구경잼하다가 옥상가는거 성공했는데 오히려 미쳤냐고만 반복한다 칭찬따위없다...) 구조왔는데 인간들이 돼지라서 주인공과 여주인지 뭔지인간만 남는데 어째저째 벽타고 가다가 구조가 또오는데 학원있는애들살려준다(얘네도 고맙다는말따위도없어 ㅋ) 그러다가 다른건물 또 벽타고 옥상가려는거 드론한테 포착된다 그래서 구경하려고 여러 드론이온다 그리고 다른드론이 줄타는거 도와주는데 죽을뻔했다(뭐주인공버프로안죽음 게다가 12세라서ㅋ) 그러다가 방송보고 방송빨로 구조오는데 구조오고 병원도착한다 고백그딴거없이 떡밥남기고 튄다. -끝-"
"154","10"," 보는내내 내 머리부터 발끝까지 찬공기가 솔솔 부는듯 했다. 끝에 남주 여주 둘이 확실한 러브라인이 없어서 밋밋했다. 영화보고 분명히 건물 외벽 타는 실험충들이 생길것 같다."
"155","10"," 짠내 폭발 청년백수, 전대미문의 진짜 재난을 만나다!"
"156","1"," 이런 영화가 상영관 장악하고 흥행을 하니 한국영화가 발전이 없는 거야"
"157","7"," "
"158","10"," 재밌게 잘바써요"
"159","9"," 재밌게봤어요"
"160","6"," 초반에 잠깐 웃겼다 망할 신파"
"161","10"," 배우분들 연기력하고 전체적으로 아주 자알 봤습니다저런망할xx그런거 신경쓰지마시고 앞으로쭈욱가십셩 참예쁩니다 ."
"162","8"," "
"163","1"," 따따 따따따 따따 따따따 전체적으로 아동영화같음 맨날 뛰어만 다녀서 노잽 "
"164","0"," 본질에 비해 홍보가 잘되고 배우 덕 본 영화.극한집업 처럼ㅎ그러나 그다지 ..."
"165","5"," 웃은 적없음"
"166","10"," 처음에 주인공이 100水라서 취업성공기 영화인것 처럼 보였으나... 포스터처럼 신선도 100% 재난영화! 재밌게 봤어요"
"167","4"," 외유내강식 액션단순한 상황 설정과 캐릭터 성격만 부여하고그까이꺼 대충리암니슨도 울고 갈 논스톱 모험극짝패 재난 버전"
"168","10"," "
"169","7"," 좀 엉성한 내용이지만 그냥 저냥 그럭저럭 볼만한영화"
"170","10"," 조정석 하나만 보고 기대 안하고 봤는데 너무 재밌네요. 조정석 컨벤션홀옥상 올라가는 씬..고소공포증 있는 난 보는것만으로도 소름이..너무 신선하고 둘다연기도 잘하고.."
"171","8"," "
"172","6"," 관대한 맘으로 가볍게 본다면 그럭저럭..윤아 욕하는거 귀엽.."
"173","6"," 코미디 스럽지 않고 나름 평타는 되어 보입니다. 근다 연기가 그만큼 나는데 건물에 스프링쿨러가 왜 하나도 작동을 안했을까?? ㅎㅎ"
"174","10"," 재미만 있구만~~~ 배우들 스텝들 다 흥해라~~!!!"
"175","0"," 왜? 이런 영화를 만들까?"
"176","10"," "
"177","0"," 18"
"178","2"," 기대이하..너무 재미없네요"
"179","6"," 웃기지 않는 코미디, 모든 상황에 어울리지 않는 여주, 조금 더 정교했으면 하는 아쉬운 등반씬들. 그러나 꽤 긴장감이 있어서 볼만했다 "
"180","5"," 그냥저냥 보고 있다가 윰댕대도 나오는거 보고 확 깨짐"
"181","1"," 이게? 이게 9백만?....대한민국에 시간이 남아돌고 만원 걍 길에 뿌리는 국민들이 9백만이라...세계최고 부자나라냐?"
"182","1"," 참나 이런.4류 영화.."
"183","9"," 잼있게 잘봤습니다 기대이상입니다"
"184","8"," 조마조마 "
"185","8"," 가볍고 재미있게 볼 수 있는 재난 코미디 영화"
"186","1"," "
"187","9"," 우리 예쁜 윤아한테 왜이리 처절하고 절박한 끔찍한 생존 위기에 처한 무서운 역활을 맡겼어!!!! ㅠ.ㅠ 저렇게 엄청나고 무시무시한 재난 현장에서 탈출하기 위해 이리 뛰고저리뛰는 연기를 저렇게 훌륭하고 소화해내는 윤아를 보고 정말 가슴이 찡하더라!!!"
"188","9"," 윤아야 너무너무 사랑해!!!!!"
"189","8"," 와우 타워 이후로 진짜 오랜만에 숨죽이며 손에 땀을 쥐며 본 재난 스릴러 영화였다. 이런 명작의 영화를 우리 윤아가 주연으로 출연해서 큰 호평을 받고 거기다 엄청난 흥행 대박까지 터뜨리다니 정말 너무너무 대견하고 자랑스럽고 뿌뜻하구나!!!!!"
"190","6"," "
"191","1"," 이런 걸 영화라고...."
"192","0"," "
"193","6"," 의외의 수작..타짜3 먼저보고 이거보면 세기의 명작 소리도 할수있슴.."
"194","10"," 재밌게봤어요~ㅋㅋㅋ우는 모습 넘 귀엽"
"195","3"," 위기탈출 넘버원이 그리워지는 순간"
"196","1"," 이런게 영화라고 ?"
"197","10"," 난 재밌게 봤는데 평점이 왜 이럼?"
"198","1"," 스토리 전개가 너무 어설프다"
"199","2"," 드라마를 극장에서 본 기분?...."
"200","1"," BJ들 나오는 순간 아~뭐야 몰입도 떨어지게 했다.ㅡㅡ 막장 BJ는 왜 나오게 참 어이가 없어서 발연기 진짜 소오름 감독이 무슨 정신으로 "
"201","10"," 잘만든 상업 영화"
"202","1"," 극한직업.엑시트.이딴 쓰레기 영화들이 왜 극장에서 상영하는 이유가 뭐지?흥행하는건 더 웃기고..오락영화 라고 쳐도 쓰레기.지루하고 눈배렸다 안 본 눈 삽니다"
"203","9"," 재밌게 본 상업 영화"
"204","6"," 그냥저냥 무난하지만 20년전쯤 미쿡영화에 유행하던 전개였고 특히 마지막 비굴한 점장 한방먹이는 건 선사시대 유물인 줄"
"205","1"," 스카이스크래퍼 본 다음에 평점 달아라유치 허접의 극치네"
"206","10"," 조정석연기"
"207","1"," 윤아가 나와서 +1점.그외 기대이하."
"208","10"," 영화 재미있게 봤는데.....진중하게 까대는 사람들은 뭐지????오락영화에서 뭘 바라는거지????"
"209","10"," 재미있었어요^^"
"210","10"," 조정석 다시 봤다 오늘부터 너 팬이다 "
"211","8"," "
"212","7"," 윤아는 이쁘면 된거고 남자들만 설쳤음 잼 없잖아 이쁜애가 있어야지....이름값 보단 얼굴값....울나라도 이 정도 수준의 영화는 만들 수 있구나 정도.....헐리웃이었다면 더 재미지게 만들었겠지...요샌 정말 정석이가 대세구나....정석이 영화 재미지네.....그냥 그런대로 재밌게 봤다 ..그러나심장을 쫄깃하게 만들지는 못했다...손에 땀도 쥐어지다 말았다.....좀 더 위험하게 쪼였어야 했다...그리고 그렇게 힘쓰다가 달리는건 또 아주 힘이 넘쳐.....거기서 너무 언바란스했다....좀 더 숨차고힘들게 뛰었어야 되는거 안니가? 뭐 올림픽하니? 좀 더 톱니바퀴가 들어맞을 수 있었다.....그리고 그만 좀 징징대는거 나왔으면 좋을 뻔했다.. 글고 울나라 드론 수준이 그렇게까지 왔냐?개뻥이 넘 심하다....로프까지 걸어줘? 말이 되는 뻥을 까도 까라...뭐 영화자체가 다 개뻥이긴 하지만"
"213","9"," 소소하게 시간가는줄 모르고재밌게 봤음."
"214","8"," 일단 조정세연기는 최고 . 윤아연기가 아쉽고.. 모방한듯하나 아이티강국특성살린 아이디어가 참신했고 드론열풍불듯.ㅋ 이런류윽 재난영화나온건 발전상좋은듯햐다 시종일관 쫄깃한긴장감이 좋았고 무엇보다 열심히뛰고 열연한 두배우에게 박수를..일단은 유치한듯하지만 넘재밌다 그리고 다른더어린여배우들을 오징어로만들어버리는 고두심의 미모가 ..놀랍다 ㅋ 조정석은 연기신이되가는듯"
"215","9"," 한국 재난영화중 최고다..."
"216","0"," 평점 8점 이상은 고도의 안티인듯 (나만 죽을수 없다... 너도 당해봐라)"
"217","9"," 외화를 토대로 비슷한영화같다는 느낌을 받았지만거기에 한국 영화의장점을 토대로 잘 살린것 같네요.조금더 주변인물의 감정이나 반전의 깊이가 좋았으면 하는 아쉬움이 있습니다.하지만 정해진 시나리오로 이렇게 잘살린 감독 배우 스텝들에게 박수를 보냅니다.한국영화가 더 발전하기를 바라며 영화 만드시느라고생하 셨습니다.덕분에 재미 있게 보았네요."
"218","10"," 조정석 짠내 연기 짱이고~ 간만에 유쾌하게 웃으면서 영화 봤네요ㅎ"
"219","8"," 기대없이 봐서 그런가두시간이 후딱~긴장감있으면서 웃기기도 하고가볍게 잘 봤네요"
"220","7"," 조정석배우믿고봄ㅋ조금 아쉽다 ㅋ"
"221","4"," 신선했어요많이 웃고 쫄깃한 가족영화."
"222","7"," 극장용으로는 조금 아쉽고 비디오용으로는 엄청난 수작이랄까요. 훗날 채널 돌리다 티비에서 해줘도 끝까지 보게되는 그런 범주의 영화는 아니지만 한국에도 다양한 장르의 영화가 나오길 응원하는 마음에 평점을 줍니다"
"223","1"," 음~~~~~~"
"224","10"," 엄청 나게 제미 있어요"
"225","1"," "
"226","4"," 안 볼까 하다 시간이 맞아 봤는데. 진짜 별로였음. "
"227","8"," 극한직업보다 훨 재밌게 봤어요"
"228","10"," 집중열중조정석믿고보는영화"
"229","7"," 오로지 조정석씨 땜에 본 영화지만 용남이의 가족으로 나온 엄마 아빠 누나역의 고두심님 박인환님 김지영님 모두 너무 반갑고 재밌엇씁니다...그리고 용남이랑 의주의 쉼없이 빠르고 실감나게 달리는 씬은 정말 흥미진진했고 막 스트레스가 날아가는기분..ㅋㅋㅋ..."
"230","9"," 시간 가는 줄 모르고 봤던 손에 땀을 쥐게 만드는 재미가 있었다!"
"231","4"," 조정석 광팬이지만 엑시트는 딱 20만수준이다."
"232","10"," "
"233","4"," 처음부터 왠지 예감이 재미없을줄 알았는데 역시나였군.유치하고 지루하고 긴장감이 없는 영화"
"234","10"," 재밌어요!"
"235","7"," "
"236","7"," "
"237","8"," 볼 게 없어서 그냥 본 영화인데, 기대를 안해서 그런지 꽤 재미있게 봤습니다~소소한 재미도 있고, 클라이밍 할 때는 약간의 긴장감도 있고, 중간중간 감동도 있고...강추까지는 아니지만, 나름 괜찮습니다~^ㅇ^"
"238","0"," 하 어떻게 이게 흥행작이 된건지....."
"239","9"," "
"240","6"," 하룻밤에 만리장성을 쌓는다더니"
"241","10"," 아무생각없이 웃면서 본영화 재밌네요"
"242","1"," 돈 내고 스트레스 받으며 본 영화영화의 개연성이 전혀없음이런영화를 돈주고 보았다는게 어이없음"
"243","8"," 재밌습니다 "
"244","10"," 보기가 망설였었는데재난 영화는 좋아하지 않는 편이라..근데 늘어지지 않고 재밌네요.,"
"245","7"," 초등 아들이랑 짱 잼나게 봤습니다.늘어지지 않는 재미나고 단순한 오락영화! ㅋ"
"246","3"," 애초에 이정도 일거라 예상했는데... 휴우..예상보다조금 더 못했네...근데 .남들이 말하는웃음 코드는 대체 어디있는건지.. 이 정도가 900만?? 음... "
"247","0"," 평가라......;;;;;;;;;"
"248","10"," 잼나다. 충분히 즐긴 시간~!!"
"249","6"," 900만을 넘긴게 의아하다그냥 볼만은 하다"
"250","8"," 아무생각없이보고웃기"
"251","0"," "
"252","9"," 극장에서 봐도 아깝지 않았을 영화네요"
"253","6"," "
"254","2"," 너무 유치하네"
"255","0"," 이게 영화인가............. 900만은 너무..심하다."
"256","1"," 하아 너무 유치하다답답한 가족들 소리만 버럭버럭"
"257","10"," 영화보는 내내 손에 땀나는 영화!!재난 영화중 가장 신선함!!!"
"258","8"," 가족끼리 보기 좋은 영화였습니다. 클라이밍 간접 체험하는 느낌이었습니다 가볍게 보기 좋은 영화네요. 가족들 다 재밌다고 하네요 참고로 자녀들 이십대 부모님 오십대입니다"
"259","0"," 하.. 재미없어요"
"260","7"," 괜찮았어요."
"261","2"," 따따따따따이것만기억이나요...ㅠㅠ"
"262","9"," 기대 안하고 봤는데 재미,감동 정말 짜릿하네요. 실제 클라이밍을 보고 있는 듯 손에 땀을 쥐게 하면서도, 짠하게 두 주인공의 필사의 노력이 눈물이 나게 하네요. 보고 나니 가슴 속이 시원하게 느껴지네요. Goooooooood~~~ "
"263","9"," 진짜 재밌었다. 눈물도 찔끔 질끔 나고 ㅎㅎ"
"264","9"," 젊음이 느껴집니다^^"
"265","1"," 이게 영화냐"
"266","10"," 무조건 봐야 하는 영화. 넘 재밌어요 ㅎ"
"267","10"," 손에땀나는 영화 우왕"
"268","9"," 그른대롱"
"269","10"," 간만에 시간 가는 줄 모르고 봤다 ㅎ 눈물도 뽑고 배꼽도 뽑혔다 ㅋㅋ"
"270","9"," 스릴있고 재밌게 잘 보았네요 초반에 욕이나 무식한 가족 설정은 조금 아쉬웠어요 그래도 기분좋게 재밌었어요 "
"271","10"," 영화보다 다한증걸림"
"272","10"," 정말 재밌더라!역시 조정석!다만 연출이 조금 아쉬웠다!"
"273","9"," "
"274","0"," 고 苦, 고 go, 고 高 그리하여 스펙 specification "
"275","8"," 긴박감 쩌는 영상에 넉넉하게 담은 평점"
"276","6"," 아니 옥상문이 잠겼으면 문고리를 부수던가... 그리고 구조헬기는 정원초과되면 한번 더 실어날르던가"
"277","1"," 관객 수준이 떨어지는거냐? 아님 볼 영화가 없는거냐?"
"278","10"," 찌질하면서도 멋진연기는 조정석이 최고인듯"
"279","8"," 유치하지 않아. 재난영화로써 가족영화로써 훌륭하다. 두배우의 매력있는 연기도 잘봤다."
"280","8"," "
"281","8","재난영화 신랑이 무겁다고 싫어했는데 이거 코믹이라고 한번 봐보자고 설득해서 같이 봤어요. 내용이 조금은 유치하고 뻔했지만 보는내내 긴장하고 울고 웃고 나쁘진 않았어요. 무겁지 않았고 정말 재미있게 봤어요! 조정석 연기력에 윤아도 기대이상이였다죠... 귀엽고 이쁘고 욕하는것도 웃겼다는... 드라마했었을때보단 그래도 늘었더라구요. 둘의 환상적인 호흡과 캐미로 간만에 무난히 즐겁게 지루하지않게 잘 봤습니다."
"282","10"," 시간순삭임. 클라이밍 긴장감에 손에 땀 흥건. 추석연휴라 가족단위로 극장에 많이 오던데 앞,옆의 초딩들과 할아버지,할머니까지 움찔 움찔하며 몰입해서 보고 있었음 ㅋ 예고편처럼 코믹영화라기 보다는 클라이밍서바이벌액션영화. "
"283","10"," 심장 쫄깃!! 중간에 의도한건지 모르겠지만, 세월호 오마주도 있네요. 내가 그 상황이었으면 목숨이 달린 상황에 애들 먼저 구하라고 할 수 있었을런지...정말 재미있게 봤어요. 강추!!!"
"284","3"," "
"285","1"," 잼 없다"
"286","1"," "
"287","10"," 간만에 재밌게 보았네요. "
"288","10"," 삼대가 보러가서 삼대가즐기고나옴"
"289","6"," 6점이 맞는듯 "
"290","6"," ..."
"291","3"," 스카이스크레퍼 저가 버전"
"292","10"," 손에 담을 쥐고 봤네 ! 신파 억지 웃음 없이 긴장감 쫄깃 신선 ! 오랜만에 유쾌한 영화!!!!!"
"293","2"," 이게 900만인건 추석전에 그만큼 볼영화가 없었다는거다.처음시작할때 철봉하는거 보고 예상은 했지만 이정도일줄몰랐다..."
"294","1"," 800백만이 들었다는 영화기가멕히는 구만ㅋㅋ내가 이래서 한국영화 극장에서 안본다"
"295","9"," 긴장감과 코믹 둘다 만족시켜주는 영화 한국영화 특유의 억지 눈물샘 자극도 없고 가볍게 볼만한 영화입니다"
"296","10"," 조정석 특유의 코믹연기 기대하고 봤는데윤아랑 케미도 좋앗고 재밌게 봣네요 평점 처음 남겨보는데 연속 두번 볼 정도로 만족"
"297","1"," 이거 어떻게 흥행했고 또 평점은 왜 이렇지? 보기 힘든 수준인데..."
"298","0"," 2000년 이후에 이런 쓰레기 영화를 이렇게 많이보다니 >>>>>>"
"299","1"," 역시 마케팅에 속았다~"
"300","8"," 재밌게 봤어요 "
"301","10"," "
"302","10"," 재난영화가 이렇게 유쾌할수있다니.오랫만에 온가족 둘러앉아함께 봤네요ㅎ잔잔한 감동은 덤.두분콤비 찰떡!굿ㅎ"
"303","3"," 영화 수준이 낮음~ 그래도 3점은 준다."
"304","10"," 밤에 혼자보다가 넘 웃겨서 큰소리로 웃어버림. 뭐 개연성 작품성 이런거 기대하지도 않았고 코메디장르 그냥 딱 원했던대로 즐겁게 너무 재밌게 봤어요!^^ 결론 뻔하게 예측되지만 과정이 재밌고 손에 땀을 쥐게도 하고 웃기고요. 결제한 돈 안아까웠어요!^^"
"305","9"," "
"306","0"," 이게 영화라니...돈 주고 보다니"
"307","3"," 어설픈 코믹장면, 차라리 넣질 말지..., 좀 뜬금없고 집중이 안되는 장면들, 무언가 벌어지고 있는데 왜이리 지루할까.... 그냥 어린아이들을 위한 영화네요..."
"308","9"," 이것저것 따지지만고 잼나게 보기좋음"
"309","2"," 어린이 영화"
"310","10"," 정말 흥미진진하고 박진감 넘쳤어요가슴 뭉클함도 있고요"
"311","10"," "
"312","1"," 이런 유치하고 뜬금없는 영화를 천만가까이 봤다는게 놀라울뿐.."
"313","9"," 재미있었어요~~주인공 개고생ㅋㅋ드론은 좀 황당~그래도 이것저것 따지지 않고 볼 만한 영화가족간의 사랑이 부러웠네요"
"314","4"," 이게 천만 영화라는게 어이가 없다...어설픈 CG, 주인공을 위한 개연성과 환경,긴장감 전혀 없는 익스트림...12세 가족관람가능이 큰 역할을 한 듯!잔인한 전투장면이 좀 있지만 봉오동 전투가 백배는 재밌음."
"315","10"," 미텻어요 진짜 개재밌어요 울고있어요"
"316","6"," 잘가다가 엎퍼짐 연결성은 후반엔 동화책연결처럼 상상으로 붙임킬링은 됨"
"317","9"," 추석연휴 시트레스 해소 굿"
"318","9"," 주인공에게 위기는 곧 기회가 되었다. 신파 섞인 스릴러 코미디 복합 장르"
"319","8"," 윤아의 재발견. 기대 안하고 봤는데 전개가 빠르고 군더더기없는 연출이 좋았습니다 킬링타임용으로 손색없는 영화."
"320","1"," 유치한 영화.대형 기획사의 홍보전략에 속은듯..추천은 안할래요. 진부한 내용과 개연성."
"321","9"," 군더더기없이 끝까지 집중하게 만드는 영화"
"322","7"," "
"323","9"," "
"324","9"," 재미있게 잘봤어요~~"
"325","9"," 깨조연 스틸러에서 주연배우로..아이돌에서 탤런트로 그리고 주연배우로..꼼꼼하게 쓴 각본을 들고 장편 상업영화에 도전한 감독의계산된 편집과 미술은 그 자체로 정성스런 재밌거리.맥빠진 충무로에 이런 섬뜩한 재능의 감독이 존재한다는 건,너무나도 감사한 일이 아닐 수 없다.신파를 위해 동원된 고두심과 박인환은 우리가 얼마나위대한 배우를 가지고 있는지 깨닫게 해준다."
"326","5"," 황당무개한 클라이밍 홍보영화"
"327","9"," 재미도 있고 감동도 주고 헐라우드영화 보다 낫다"
"328","10"," "
"329","0"," 유치하고 시간과 돈이 아까운 영화"
"330","0"," 개연성 없고 너무 유치했어요... 오글거려서 미치는 줄;; "
"331","8"," 정말 잘 만들었어요 개인적으로 2편도 기대되네요 여건상 조금 아쉬운 부분도 잇지만...아마 이 작품 만드신분들도 알고 계시겠죠... 조금 더 손대 셔서...2편 만드셨음 좋겟습니다... ^^"
"332","1"," 진짜 너무 허접해서 깜짝 놀램. 한국영화 스토리 탄탄하게 좀 해주세요."
"333","8"," 즐겁거봤어요~^^"
"334","0"," 역대급 노잼 영화"
"335","9"," 시나리오는 조금 무리한 경향이 있지만 그런 것을 해학적으로 표현되도록 윤아, 조정석 및 조연 모두 열심히 연기한 것 같다. 특히 윤아가 뭇 남자들을 매료시켰을 듯. 윤아는 배역을 잘 정해서 영화찍으면 중박 이상은 나올 듯."
"336","1"," 아... 지루해. 개연성없는 스토리에연기못하는 조연연기자들까지."
"337","6"," "
"338","10"," 재미있던데 생각보다 별로라는 분들이 많네.. 전 재밌게 봤어요"
"339","1"," 시간이 아까워요"
"340","5"," 너무 재미없어요"
"341","2"," 윤아 팬들이 700 만 윤아가 출연 안 했으면 그냥 100 만도 안들은 영화스토리가 뭐이러는지 "
"342","10"," 이건 그냥 코메디가 아니다재난에 힐링과 사회를 녹였다그게 너무 강렬해서 그정도의 허구는 폭넓게 받아들인다"
"343","6"," 재밌음 에필로그 없어서 아쉽"
"344","2"," 이게 8점??? 한국 영화계는 망했다. "
"345","8"," 8점 정도가 딱맞는듯"
"346","2"," 이런영화가 900만? 개봉시기가 좋았나? 너무 지루 하고 재미없다제작자 운좋네"
"347","7"," 오락영화!"
"348","10"," "
"349","1"," 이게 800만? 한국영화 수준 참 족8림"
"350","6"," "
"351","9"," 오호!!"
"352","9"," 시간 가는 줄 모르게 봤음. 가볍게 볼수있는 코미디영화. 강추"
"353","6"," 이 스토리 소재가 흥미진진해서 엄청기대했는데재밌더라고요 근데 좀 부족.. ㄷ번째볼땐 너무 재미없었어요.."
"354","10"," 가족과 유쾌하게 볼 수 있는 영화. 최근 본 영화 중 제일 재미짐"
"355","10"," 추석 개봉한게 다재미없어서 이거본사람인데 재밌게 잘봤슴."
"356","2"," 진짜 스토리엉성 뜬금포.이게800만? ㅋㅋ수준진짜"
"357","2"," 재난영화인데 스릴이 없다보니 앙꼬없는 찐빵느낌"
"358","10"," 좋네요"
"359","9"," "
"360","1"," 이런게영화라고?"
"361","9"," 재난~ 취업~ 연애 헬조선 빌딩숲 청년 탈출기..."
"362","10"," "
"363","2"," 재미 더럽게 없고 영상도 어둡고개연성 없는 가스누출, 가스 처리반 없는 억지 스토리,3류 영화임."
"364","1"," "
"365","10"," 최고 ㅠ"
"366","7"," 희생자가 수천명일텐데....너무 유쾌한거 아닌가....."
"367","10"," 유쾌하고 재밌어요"
"368","9"," 볼만합니다"
"369","10"," 간만에 재미있었던 한국영화 한편. 영화 보고 나서 지나가다 특이한 건물만 봐도 눈으로 루트파인딩 하고 있는 나를 발견했다"
"370","10"," 보는내내 긴장하고 봄"
"371","10"," 화살표 감동ㅠㅠ 나름 스릴있고 재밌었음"
"372","10"," 재밌네요"
"373","10"," 좋은기운의 영화남편이랑 봤어요"
"374","1"," 이 정도 영화를 900만명씩이나 보는게 참 희안해 "
"375","9"," 기대를 안한만큼 재밌는게 영호ㅏ"
"376","1"," 진짜 재미나 몰입감 제로임.어캐 천만영화인지이해불기!"
"377","10"," 왜 이게 재미없지?새상이 각박해서 그런가 위트가 없네이영화 정말재미남"
"378","6"," 갑자기 철인삼종같은 영화..."
"379","3"," 요즘 한국영화 잘 만드는데갑작스런 전개에 주인공들의 고난을 위한 스토리왜 천만인건지"
"380","0"," 촌스러움의 극치, 갑자기 뜬금없는 전개에 유치해서 못봐주겠다. "
"381","4"," 소녀시대 팬들이 거의 1천만을 만들어내는 힘이 있을 줄이야..... 이게 어떻게 1천만 영화인지.... 조정석과 윤아 노력이 너무 안쓰러워 각 2점씩만"
"382","10"," "
"383","9"," 재미있게 봤어요. "
"384","1"," 왜 재밌다고 하는지.... 몰입감 0"
"385","10"," 이런 영화 또 나오면 좋겠다-!! "
"386","5"," 스마트폰 시대에 아날로그로 생존신호를 보내는 모순.."
"387","8"," 가볍고 즐겁고 긴장되고..잼있음"
"388","7"," 간결하고 스피디하고 발암캐릭터들도 적당하고"
"389","1"," 진짜 유치해요. 초등학생 수준."
"390","3"," 구조 헬기가 한두대만 왔다갔다..할 말이 읎다.."
"391","5"," 딱5점이다이해못하겠다천만가까이라니내가수준이높은건지사람들이수준이낮은건지 "
"392","8"," 잼나네.웃기고.심장도 쫄깃쫄깃.집에서가족3명이함께봄부산행같은 느낌.지루할틈이없다"
"393","1"," 대부분 어두운 장면이라..잘 안보여서 보다 속터짐.."
"394","1"," 역시 모든 영화는 검증된 감독과 배우의 조합이 아니면 선발대로 갔다온 사람이 쓴 글을 보고 영화관을 가야 한다. 공짜표가 있어서 가서 볼까 했던 내가 어리석었다. 공짜표로 봐도 시간이 아까운 영화. 초반 30분동안 많이 지루하다. 백수의 고뇌를 다루며 공감을 얻으려는 수작도 간파되고, 여성이 똥파리들로부터 받는 들이댐의 귀찮음으로도 공감 뱀파이어질도 한다. 사건 발생 초장(상영 후 30분 정도)부터 신파극을 바르려는 짓거리가 어이 없다. 4차 산업을 앞둔 인류에겐 너무나 고리타분한 표현방식으로 감정표현을 한다.결론을 내리자면, 이 영화는 금수저(영화관) 엄마와 금수저 아빠(배급사)가 철 없는 금수저 자식에게 저지른 '잘한다잘한다잘한다 내새끼내새끼내새끼'질로 태어난 디지털 쓰레기이다.왠지 극장판 영화계의 몰락을 지켜 보는 듯 하다. 한국 영화 뿐만이 아니라 외국 영화도 요새 왜 이 모양이냐들... "
"395","10"," "
"396","9"," 재밌었어요:) 가볍게 보기에 좋아요"
"397","0"," "
"398","10"," 재미있어요!무서울줄 알고 보고싶지 않았는데 재밌더라고요~진짜 조정석과 윤아를 봐서 더욱 재밌었어요!"
"399","10"," 굿굿"
"400","0"," 진짜 한국영화의 위기다! 이런 영화가 천만을 바라보고 있다니... 따따따 따따 따따따 나올때 부터 영화 관람을 포기했다!"
"401","10"," 생활 밀착형 재난 드라마...웃김포인트가 많으면서 가볍지 않은...가족을 위한 백수의 위기 탈출기..."
"402","10"," 넘버원 사람 마다 취항은 다르지만 내겐 넘버원"
"403","9"," "
"404","9"," 끝내 주네요. 재미나네요 조정석 임윤아 연기 케미 좋네요."
"405","9"," "
"406","10"," 우리나라영화를 안보는 편인데..역대급이다~!!! 재미없다는 인간들은 뭐를 봐야 재미있다는거냐??진심...쵝오의 한국영화였다~!!"
"407","0"," 돈주고 이걸보다니 진짜 내눈"
"408","10"," ㅋㅋ너무 잼있네요"
"409","10"," 가족끼리 보았는데모두 대만족입니다눈 뗄틈없는 전개 너무 좋습니다갠적으로 강기영님 보아서넘 좋았고조정석님은역시 조즹석이다 실망시키지않았으며임윤아님 배역에 충실한 연기 넘 좋았습니다100점만점에 99점 드리고 싶고2탄도기대됩니다가즈아엑시트 2탄"
"410","6"," 윤아 예뻐"
"411","1"," 모가 재밌다는건지 모르겠어요ㅠㅠ보는내내 지루했어요ㅠ돈주고 극장서 봤으면 후회할뻔..."
"412","10"," 너무 재미있게 봤다시간 가는 줄도 모르고1000만 가즈아~~~~☆☆☆"
"413","7"," "
"414","10"," 너무 재밌어요ㅠㅠ흥미진진"
"415","5"," 개연성이 떨어지는부분이 많았어요 ㅠ 비현실적이고..."
"416","10"," 재밌었당"
"417","10"," 별기대 안했는데재미와 감동둘다 보여주네요."
"418","10"," "
"419","1"," 재미없음 어느 부분이 재밌는건지 모르겠음"
"420","8"," 기대가 너무 컷던것 같다초반 김지영 나왔을때가 제일 웃겼음그뒤론 영화 퀵을 보는것 같은...따따 따따따 따 따"
"421","8"," 재있고 감동도있고 "
"422","10"," 재밌게 잘 봤어요. 결말도 좋고 배우들도 좋고요.윤아 연기도 처음으로 인정합니다."
"423","10"," "
"424","3"," 보다가 28년전 영화인 클리프 행어가 떠올랐다.어떻게 된게 거의 30여년전 영화보다 훨씬 더 허접하냐?"
"425","9"," 긴급재난대피요령을알게돼어재밌었다"
"426","1"," 내가 여기 출연한 배우였다면 창피해서 시사회안가고 자살했을지도 모른다.정말 맨정신으로 보기 너무 힘들었다.욕하면서 어디까지가나 하고보다가 따따따할때 살인충동을 느낌.영화자체가 미운건 진짜 처음이다.자전차왕엄복동도 그러려니하고 봤는데 이건진짜 최악이다.이딴게 천만어쩌구 한다는게 너무 공포스럽다.내가 이정도로 사람들과의 공감대가 다른것인지 아니면 재밌게 본 사람들이 이상한건지 혼란스럽다.스토리 연기 현실성 모두가 제로다."
"427","1"," 개짜증나는영화"
"428","5"," 요즘 볼 영화가 정말 없다"
"429","8"," 포스터보고 대단한 보호복 입은줄 알았는데 쓰레기봉투였어 ㅋㅋㅋㅋ "
"430","10"," 기대 않고 봤는데, 손에 땀을 쥐게 할 정도로 재밌었어요"
"431","10"," 오르고 달리던 두 주인공이 짠하고 긴장되서 막판에 나도모르게 탈출 응원하고 있었다. 일년에 50편정도 극장에서 보는 나지만 나에겐 올 영화중 탑5안에 듬."
"432","9"," "
"433","5"," 천만은 힘들겠군"
"434","9"," 오랜만에 볼만한한국영화"
"435","0"," 야 더럽게 허접하다"
"436","7"," 동네백수 무시마라 ! 관객이 구백만명이라는건 백수들도 구백만명?"
"437","10"," 재밌어요"
"438","1"," 이걸 구백만이 봤다고??어이없네"
"439","8"," 옥상으로올라가 문열어줄 시간이면 소화기로 문을 때려 열었을듯그렇지만 영화의 몰입감은 인정"
"440","3"," 구백만이라고 해서 봤는데 보는 내내 이게왜?? 혹시나 해서 끝까지 보다가 포기 했음 내용도 별로 cg도 별로 첨으로 별점 남김 8점이상 별점다 알바 같음 "
"441","10"," 역쉬~ 조 정석 !! 최고 였씀돠~~!!"
"442","3"," 개연성이 없는 3류영화김지영만 귀엽"
"443","9"," 나 살면서 이렇게 긴장감 주는 코믹영화는 첨인거 같아요. 뻔한 소재인데 자연스런 감동은 보너스 구요... 강추합니다~!"
"444","7"," 가스가 퍼지고 조정석이직접 나서서옥상문을 열기위해 옥상으로 스릴있게 올라가는 거 까지는좋았다. 아 ~이제부터 시작이구나.재밌겠다.했지만종일 올라타고뛰고 또 올라타다가끝나버리는 영화... 영화가 끝나고나서 뭐지이건?뭔가 허전하고 2프로 부족한 기분이 몰려옴.그냥 사랑하는 여친과 보면 즐겁게 볼수있는 엑시트. "
"445","9"," "
"446","9"," 재밌네요... "
"447","8"," 오락영화재미났음고소공포증 있는 사람은 손에 땀 났음"
"448","9"," 참신해서 좋았다."
"449","3"," 오바들좀 하지마세요, 홍콩영화도 아니고"
"450","7"," 재밌어요 조정석 ㅋ"
"451","10"," 할뤼우드급"
"452","8"," 좋았음ㅎㅎ 이정도면 신선"
"453","9"," 그냥 시간보내기 좋았음그냥 젊음 청년들 얘기(?)라9점 주고싶었음"
"454","10"," 신남...재미남...10점이상!"
"455","0"," 별점 1도 아깝다. 올해 최악의 영화. "
"456","10"," 방금보고왔어요 진짜 기대이상 ~~~~웃고 가슴 졸이고 눈물닦으며 봤어요~~너무들 연기 실감나게 잘하네요 따따따 따따~~아직 머리에 멤도네요 ~~~"
"457","5"," 지금까지 본 영화 중 가장 어의없는 천만영화다~^^"
"458","7"," c급인 줄 알았는데 제대로 된 b급이네"
"459","1"," 와 진짜 머리는 없이 봐도 됨.이게 왜 인기였는지 아무리 생각해도 이해가 안됨"
"460","6"," 이게 천만영화라니 ㅋㅋ"
"461","7"," 호평할 정도는 분명히 아닌데, 어이없게 눈물이 흐르네.나름대로 긴장감과 재미 요소가 있으나, 엄지 척 치켜들기에는 부족한 느낌."
"462","1"," 이게 흥행할 영환가?참 거시기하다. 이시기 봉오동이고 시자고 영아닌영화들만 이런영화들이 너를 도왔다."
"463","9"," 옥상 문 잠그지 마라, 새퀴들아!"
"464","6"," 별로..ㅜㅜ"
"465","10"," :)재밌어요"
"466","9"," 아주 재밌게 잘 봤어요. "
"467","10"," 재난영화인 줄 모르고 봤는데 재밌어서 가슴 졸이면서 봤어요 자리가 없어 맨 앞자리에서 봤는데 제대로 한 번 더 보고 싶네요"
"468","3"," 이게 잼있냐..시도는 좋았으나 중간중간 연결이 매끄럽지 못하고.. 1천만 근접한거 보면 관객수준 알만하다"
"469","8"," 보는내내 가슴 두근두근했어요.휴지로 눈물 닦아가며 봤어요."
"470","10"," "
"471","10"," 평점보고 어느정도 괜찮나 보다 했는데 생각보다 더 재미남~ 평점 테러하는이상한 애들 때문에 10점 줌. 한 8점 정도는 됩니다~ "
"472","9"," 나름 재밌음주인공 두명이 참 연기를 잘하네아주 재밌게 잘봤음"
"473","8"," 탄탄한데~"
"474","1"," 어색하기 그지없는 영화"
"475","10"," 정말 잼있었음!! 평점테러는 이해가 안 가는"
"476","5"," 극장 가서 봤으면 본전 생각날 뻔 했다..."
"477","7"," 어....."
"478","10"," 벽타는씬은 손에 땀이 젖게 흥미진진하고 시간가는줄도 모르고 즐겼던 영화. "
"479","1"," 이렇게 재미없는 영화는 오랬만이네요. 반정도 보다가 포기. "
"480","10"," 포스터만보고 B급 코미디 영화인줄 알고갔다가 쪼는 클라이밍액션에 오랜만에 긴장감 느끼며본 영화. 클라이밍 긴장감은 미션임파서블2이후 최고였고 윤아는 역대 한국영화 여주중 가장 잘 달렸음. 극장에서 보길 잘한듯"
"481","10"," 재미있게 봤어요 "
"482","7"," 군더더기 없이 스피디하게 진행이되고 발암캐릭터 없이 처음부터 마지막까지 달려간다. 흥행에는 경쟁작들의 경쟁력 부재도 한몫했지만 기본적으로 짜임새가 있는 영화."
"483","5"," 그닥...이게 왜 900만...ㅜㅜ"
"484","9"," 영화 가볍게 보기 딱 좋아요. 재밌어요. 알바들 악플 장난아니게 많이 달지만.........신경 쓰지 말고 재밌게 보면 딱 좋은 영화. ㅎㅎㅎ"
"485","5"," 거품이만이있네요너무비셜적인액션설정"
"486","10"," 너무 연기잘하네요. 특히 따따따 따따 따따따 할때 소름돋았어요."
"487","1"," 우아. 정말 너무하네요. 영화가 이러면 안되지않나요. ㅜㅜ. "
"488","5"," 전 별로였어요"
"489","9"," "
"490","3"," "
"491","8"," 개인적으로는 재미있게 봤어요적어도 돈 아까운 영화는 아닌듯 ㅎㅎ"
"492","10"," 재난영화의 새로운 구성 좋았습니다"
"493","7"," 날아다니고 레이저 쏘고 괴력 발휘하는 수퍼히어로에 대항한 나름 안티히어로 영화. 군함도 만든 '류승완' 감독 부부 제작이라 토착왜구 댓글용역 악플버러지들이 달라 붙은 듯. "
"494","9"," 다 찌질해서 공감가고 좋았던 영화따따따 따 따 따 따따따"
"495","7"," "
"496","10"," 달달하고 재밌었다ㅋ재난댗니에 대한 교훈도 있고 역시 윤아는 이뻤다"
"497","10"," 재미있었다. 윤아연기 좋았다."
"498","4"," 영화의 흥행여부와 상관없이 너무 작위적인 연출로 개인적으로는 보기가 엄청 힘들었음.우선 소량만 흡입해도 즉사한다는 가스를 주인공 누나는 끝날때까지 살아 있는점, 숨을 많이 쉬면 방독면의 필터수명이 빨리 소모되는데 연기가 없는데도 주인공들이 계속 쓰고 달리는 장면, 드론들이 수십대 나타났는데 갑자기 모두 사라져 구조헬기가 주인공들의 위치를 파악 못하는것, 보습학원의 어린들을 구하려고 화살표를 만드는데 자기들에게 왔을때 얘기하면 되는데 굳이 저런행동을 하는점, 마지막 떨어졌을때 아무런 설명없이 크레인위에 올라가 생존해 있는점등등..너무 많아 몰입이 쉽게 안되더군..최근 한국영화들이 너무 망작들이 많이 나오니까 반사적으로 평범한 이 영화에 관객들이 어쩔수없이 많이 본것 같군..볼만하게 없으니까.."
"499","5"," 스프링쿨러도 있는데.."
"500","6"," "
"501","8"," 실컷 웃고 왔어요 꿀잼"
"502","1"," 돈주고 안보길 잘했네"
"503","5"," 마케팅의 힘!솔직히900만은 바보..."
"504","10"," 따따따 따따 따 따따따"
"505","10"," 재밌기만 하구만.뭔 수준타령...천만 못찍어 아쉽. 요근래본 영화중 가장 낫다."
"506","6"," 안방용이네 돈주고 안보길 다행"
"507","10"," 잼있게 봤으면그만인것을어차피상업영화인데"
"508","8"," 해외재난 영화처럼 수준 높진 않지만, 그래도 생각보다 재밌게 만들었다...유쾌한 면도 있고.. 극한직업도 엑시트도 꼭 영화가 수준 높아야 성공하는건 아닌듯..."
"509","9"," "
"510","8"," 오글거리는 장면도 있었는데 그럭저럭 볼만했음. 마무리를 더 화끈하게 했으면 좋았을걸 하는 아쉬움이 남네요."
"511","9"," 재밌다~"
"512","9"," 즐거운 코메디 쟝르지만살짝살짝우리의 마음을 아프게 건드는 장면도 있네요즐겁게 봤습니다"
"513","10"," 구웃"
"514","10"," 재미있습니다."
"515","6"," 뭐라 말할 수 없는 부족함.어설픔이 있다."
"516","8"," 뜻밖에 메시지가 스멀스멀. 아예 더 상징적인 플롯으로 갔으면 좋았겠다 싶다가도, 한 꺼풀 아래조차 못 읽는 관객평을 보자니 그냥 이 정도여야 대중영화."
"517","8"," 가볍게 가족끼리 함께 보기는 좋던데~~~걍 이정도면 괜찮지모 ㅋㅋㅋ조정석 찌질한 연기 굳~윤아도 그럭저럭 모..캐릭터랑 잘 맞더라...드론, 브이제이들.... ㅋㅋㅋ 현실유행컨셉도 굳!!"
"518","8"," 충분히 재밌음. 똑똑한 건 윤아가 다 했네 ㅋㅋㅋ 둘다 연기도 잘하고 ㅋ 와 근데 진짜 많이 뛰더라. 고생 많이 했겠네 ㅋㅋ"
"519","7"," 조정석은 사랑하지만 이영화가 900만이라니제2의 극한직업..재밌는 영화 아니면 다 망하는 분위기라 영화만드는 사람들 허무할듯"
"520","10"," 난 재미있게 봤는데악풀이 왜이럿게 많지알바들인가"
"521","5"," 어의없음 올해 최악에 영화로구나"
"522","2"," "
"523","3"," 이런 영화도 900만이 보는구나 ... "
"524","1"," 유치찬란"
"525","8"," 엄청난 명작이거나 하지는 않지만 일단 보고 있으면 시간이 순삭된다.진정한 의미의 킬링타임 영화다.재미없게 어거지로 보면서 시간을 보내는게 아니라 일단 보기 시작하면 내용에 특별히 뭐 한것도 없는거 같은데 어느덧 두시간이 지나가 있다.솔직히 친구한테 추천해서 욕먹을만한 영화는 아니다.난 개인적으로 재밌었음..근데 두 주인공이 나름 자신들의 목숨을 걸고 선행을 했는데 아무 보상도 없이 끝나 마지막은 좀 아쉬움."
"526","9"," 재밌네요ㅎㅎ조정석 임윤아 연기잘하고 현실적인 재난 영화같아요"
"527","1"," 홍보 한다고 더돈많이 들었을것같음.홍보효과랑 조정석 효과에 덕 본 영화"
"528","7"," 영화좋네,,,재미고,,,,임윤아 연기ㅣ 잘하네,,,,,최악의 영화라는 사람 이해가 안가네,,,,,즐감,,,,,"
"529","5"," 돈주고 보기에는 거시기 하네...킬링타임용"
"530","1"," 올해 최악의 영화"
"531","0"," 그래봤자 클리셰 덩어리좀 긴 공익광고 이상도 이하도 아님"
"532","9"," 중간중간에 약간 신파적인 요소가 살짝 거슬리기는 하지만, 나름 긴장감 있는 영화였다..코미디장르의 영화라고 소개가 되어 있기는 하지만 코미디적인 요소는 찾아보기 어려웠지만, 액션장면은 나름 스릴 있고 좋았다.."
"533","10"," 스크린과모니터는 천지차이 2탄 기대합니다"
"534","1"," 아 지루하다 재미1도 없네"
"535","10"," 따따따!"
"536","10"," 클리셰를 많이 깨서 좋았조정석 보러갔다"
"537","6"," 글쎄요 , 개인의 취향이 다르기는 하겠지만 ... 천만관객 영화라고 하기에는 ..."
"538","8"," 코믹과 스릴이 적절히 어울려져있어 볼만했지만 다소 과장도 되고 억지스런 설정도 있다.. 코미디 영화라 봐준다... "
"539","10"," 조정석 뛸때 모습보면 성룡과 너무 흡사하다 ^^!"
"540","9"," 은근 긴장감있어요..편하게 볼만한 재미있는 영화였어요."
"541","10"," "
"542","8"," "
"543","10"," 오랜만에 본 스릴도 있고 짠내도 나는 재미있는 영화천만 갈 수 있다 ~^^"
"544","1"," 엉망진창..빈수레는 요란했다."
"545","0"," 시간낭비.조정석이 이런영화를"
"546","10"," 클리셰를 탈피해서 좋았다"
"547","7"," 일찍 퇴근한 직원이나 잔치에 왔던 분들 중 일찍 갔던 분들은....그냥 있지...용남이가 가까운 데 잡았다면 좋았을 것을...짝사랑 한번 만나보겠다고...골로 갈뻔 했다."
"548","10"," 기대 안하고 극장 갔다가 긴장감 느끼며 봤음. 클라이밍과 달리는 장면에서 같이 힘이 들어가고 몰입하게 되고. 신파나 군더더기 없이 깔끔했던 영화. 초6아이랑 봤는데 잔인한것도 없었고 아이도 나도 엄청 집중해서 봤음. "
"549","3"," 그냥저냥 했네....."
"550","8"," 그냥 한번은 볼만한 영화..."
"551","5"," 주인공 아버지살짝 찡했다영화는 움...."
"552","5"," "
"553","2"," "
"554","1"," 이영화 감독이 조지부시인가봐요.조지고 부시고참 엉망진창"
"555","1"," "
"556","6"," 윤아의 궁디는 이뻤다"
"557","1"," 남는건 박인환배우님의 진정한 연기, 그것 하나뿐. 전혀 이해하거나 느낄 수 없었던 전개상황, 현실성, 몰입도, 감동 등.그 중에 최고 이해안감은 관객수 .. 헐TV 방청객 알바가 이젠 영화판까지 접수하는구나 극한땡땡에 이어지는 마케팅 트렌드는 극장방청객이로다"
"558","8"," 이딴 지난세기감성의 후줄근한 스토리와 연출이 왜 먹히는걸까?몇년전 허무하게 떠나보낸 세월호의 트라우마가 전국민모두에게 ""각자도생""이라는 절대적 희미한 희망(또는 절망?)으로 각인된 탓일까?난 보는내내 그때의 기억이 떠올라 괴롭고 미안했다.........내가 거기에 있었더라면 어찌 했을까........."
"559","7"," 주연들 연기때문에 그나마 살았다.조연들 발연기 오바연기가 망침"
"560","5"," 유치해요.... ㅠ"
"561","4"," 내용도 없이 흰연기에 도망다니는 영화.처음 옥상 올라간 다음부턴 내용이 없다. 에휴박인환과 고두심이 아깝다"
"562","4"," 쓸데없이 손에 땀만 쥐게 함 "
"563","3"," 폰은 후레쉬용??? 인원많은데 전화를 하지 뭔가 재난영화 어설프고 웃길려면 웃긴쪽으러 가던가이도 저도 아닌"
"564","7"," 캐스팅의 승리! 노련한 배우들의 케미스트리가 압권."
"565","10"," 굿~~~~~~~~~~~~~~~~~"
"566","10"," 고단한 사막에서 오아시스같은영화"
"567","0"," 전화기는 프레쉬로만 쓰네요. 가족이나 119 전화해서 위치 알려주면 헬기 올텐데... ㅜㅜ "
"568","10"," 재밌게 잘봤네용"
"569","10"," 생각없이 시간가는줄 모르고 잘 봤다"
"570","10"," 두 사람 정말 잘 뛰네요재미있게 잘 봤습니다~스릴 넘치네요"
"571","9"," 잼나요 ㅋㅋㅋㅋ"
"572","8"," 잘봤습니다^^다 좋았어요 2탄 기대 해도 될까요ㅎ윤아의 고군분투 시리즈로 10탄까지요ㅋ재밌겠네요"
"573","10"," "
"574","9"," 간만에 잘 만든 영화 봤네 "
"575","10"," 완전 연기좋고 흥분되고 멋지고 재밌어요 남여 주인공 완전짱 "
"576","0"," 영화 너무 지겹네"
"577","9"," 음.. 좋네요.자연스럽고 참 이쁘게 만드셨네요^^"
"578","10"," 굿"
"579","9"," 잘 만들었다.. 신선하고, 새로운 재미가 있네 .. "
"580","0"," 빵점이 딱이다. 시간낭비 하지마라"
"581","8"," 뭐 이정도면 오락영화 가족영화로 훌륭하다고 본다.윤아와 조정석 연기도 좋고."
"582","6"," 억지스럽지만 볼만함"
"583","10"," 신파없이도 성공할수 있다는 한국형 재난영화의 가능성을 보여주었다. 두 주인공도 클라이밍을 실감나게 했고 달리는 장면 건물 건너는 장면들도 좋았다. 코믹,짠내나면서도 재난에 처한 상황을 잘 연기했음. 특히 윤아가 달리는 장면은 역대한국영화 여주중 가장 잘 달렸다"
"584","10"," 올해 제일 재미있게 봤던영화극장에서 못본게 아쉽다.진짜~~ 배우들이 영화를 살렸음아!!! 조정석은 대단한 배우다~~~"
"585","3"," 연기력에 비해 아담하고 미약한 스케일~*"
"586","6"," 기라성 같은 배우들의 열연으로 많이 허술한영화에 생명을 불어넣어준 영화.고로 뛰어난배우들의 생생한 연기속에서 윤아의 부족한표정 리액션 발성등 왜 주연인지 이해가 불가인 영화다.윤아는 출연한 배우들의 연기덕에어부지리한 케이스. 킬링용으로 볼 만한 영화."
"587","8"," 이정도면 괜찮은거 같은대 왜이리 점수가 짜지"
"588","5"," 2019년 가장 미스테리한 현상.이 영화를 이렇게나 많이 본 이류를 대체 알 수가 없다."
"589","6"," 이런 영화는 제작비 많이 써야 하는데...싸게 만들다 보니 수준이 많이 떨어집니다, 그나마 배우들의 열연으로 지루하지는 않네요. 단편만 하던 신인 감독에게 스케일 큰 영화가 어울릴까 의문..?"
"590","8"," 잼나게보았어요"
"591","0"," 재미가 없네요."
"592","5"," 보는 내내 소리지르고 울고불고 난리치는 장면 외에는 기억나는게 하나도 없는 영화. 그나마 네이버처럼 말도 안되는 평점은 아니지만 다음에서조차 7.9점이나 되고 900만명이 넘게 봤다는 사실이 믿기지 않음."
"593","10"," 심장이 두근두근 조여오는 긴장감으로 시간가는줄 몰랐어요. 심각하고 진지한 상황인데 왜케 웃음이 나는지ㅎㅎ 오랜만에 눈물콧물 빼며 즐거웠네요! 제작자분들 연기자분들 고맙습니다!"
"594","10"," 사람 살려주세요~~~~따따따 따따 따 따따따!결국 해내고야 말았다구! 윤아 조정석 연기 정말 좋았고 특히 윤아의 코믹 연기 갈수록 물오른다.너무 박진감 넘쳐서 시간 가는줄 모르고 봤다!"
"595","10"," 이 정도면 잘 만든 영화같은데요. 깊은 감정 연기가 필요없고, 긴박한 상황을 타파할 방법만 연출하면 되는 적절함.주연배우들 진짜 고생했겠고요.윤아씨는 이젠 가수보단 배우가 어울리는 것 같네요.더 가다듬어서 멜로 연기도 기대되는 배우로 성장하길 빌어요. "
"596","8"," 그냥 가볍게 볼만한 영화"
"597","7"," 흥행작들은 거의 7점대 영화들임..."
"598","10"," 재미있게 본 영화~영화를 즐겨라~"
"599","1"," 도대체 닭살만 몇번이야너무 엉성해서 보는내내 보자고했던 내가 창피했다"
"600","10"," 이정도면 잘만든 한국영화♥ 별기대없이 깄다가재밌게 봤습니다^^*"
"601","10"," 휼륭한 재난 영화이자 재밌는 액션 영화이고 재난 시 행동요령에 대한 유익한 정보를 전달하는 한편 생존자와 유가족의 불행을 재미로 소비하지 않고, 식상한 정부무능, 음모론 빼고 깔끔하게 잘 빠진 영화. 가족 연인 친구 동료 그 누구랑 봐도 좋은 영화. 자극적이든 화려하든 어느 한 부분이 도드라지면 누군가는 재밌겠지만 누군가에겐 트리거가 되고 조롱이 되고 즐길 수 없는 영화가 된다. 이만큼 모난 곳 없으면서 전체적으로 잘 빠지며 현실을 담으며 유익하기까지 한 영화가 어딨어 가져와봐. 천만영화보다 더한 가치가 있다."
"602","1"," 시간은 금이다"
"603","2"," 극한직업 보면서 이런 영화가 천만?? 그런데 엑시트는 구백만이 넘어??우리나라 영화보는 수준이 이렇게 낮아졌나??"
"604","10"," "
"605","7"," 이정도면 잘만든 한국형 맞춤 영화"
"606","3"," 글쎄다 .... 그저 몇번 실없는 웃음이 나긴 하더라그런데 이영화가 9백만이 넘었다는 말에 너무 당황스럽다. "
"607","1"," 남여 주연배우 연기 잘 한다고 생각들 하냐....한심한 것들....내용은 없고 시끄럽고 산만함"
"608","8"," 재밌네.."
"609","4","인더더스트에서 따온듯 "
"610","0"," 미세먼지 영화 ""인 더 더스트""를 모방한 영화냐.?아직 관람은 안했지만 모방 냄새 가.?"
"611","10"," 조정석씨는 정말 잘 어울리는 역할을 하신 것 같습니다. 윤아씨는 준비를 많이 하신 것 같아요. 앞으로 더 발전된 모습 기대해 봅니다. "
"612","9"," 따따따댄스배워서다욧트"
"613","8"," 신선한 소재의 재난영화 "
"614","2"," 재미없다.허접하다."
"615","1"," 평점1점도 아깝다"
"616","5"," 이따구를 900.참 볼거없다.사자보다는 낫네"
"617","1"," 인 더 더스트 영화와 너무 비슷합니다"
"618","10"," 천만 채우게 한번 더 볼까 ?그럼 4번짼데고민되네"
"619","10"," 나는 진짜 긴장하면서 재밌게봤음~~!! 한번 더 보고싶은 영화"
"620","10"," 현실감 떨어지는 미션 임파서블보다 쓰릴만점마블영화들보다 뛰어난 통쾌한 액션2시간이 너무 빨리 지나감!가족끼리 보기에도 훌륭함.연기구멍없음! 몰입짱!럭키때의 윤아보다 더 자연스러운 연기에 감동^^"
"621","10"," "
"622","10"," 볼만함! 신인배우들도 연기가 좋았음..그건 아마도 감독의 연출포인트가 보이는 것 같은..지루하지안음."
"623","10"," "
"624","10"," 작년과 올해 마블영화서부터 웬만한 한국영화 거의 다봤슴. 겐적으로 이게 젤 잼있슴. 정말 영화 끝나고 벌써 끝? 이런 생각들게 하는영화는 간만인것 같음. 앞으로도 잼있는 한국영화 많이 만들어주세요. ㅎㅎ"
"625","7"," "
"626","8"," 가족과 함께 가볍게 볼 수 있는 영화^^재밌어서 시간 가는 줄 몰랐네요^^단, 엔딩이 좀 아쉽네요..."
"627","9"," 일단 잡생각 안들게 끌어주는 스토리에 높은 점수 줍니다"
"628","9"," 충분히 볼만하다 인정!!"
"629","9"," "
"630","9"," 연기도 잘하고 시간가는줄 몰랐어요 ㅋㅋ"
"631","10"," "
"632","9"," 굿입니다"
"633","1"," 중간부터 졸면서 봐서 기억이 잘 안난다.."
"634","9"," 웃기다 울리다 심장 짤깃~!!소시민의 액션"
"635","10"," "
"636","10"," 기대 안 하고 갔다가 첨 부터 끝까지 재있게 봤네요 "
"637","10"," 좋았다. 전형적인 한국영화 클리셰가 아닌 시원시원한 전개가 맘에 듦."
"638","10"," "
"639","10"," 용남이랑 의주가 귀여움"
"640","10"," 헐리우드 영화를 보는것 처럼 스케일이 크고 재미있는 영화 입니다 "
"641","10"," 기대이상으로 재미있었어요~조정석, 윤아씨고생 많았겠네요"
"642","10"," 재밌음"
"643","10"," 재밌게 봤습니다. 볼때는 재미있고 보고나서 기분이 가벼워지는 영화입니다"
"644","1"," 이게 900만이라니."
"645","0"," 어떻게 이런 허접 영화가 CJ가 배급만 하면 천만 가까이 되냐?"
"646","3"," "
"647","10"," 내용신선연기력우수신나게잘봤어요"
"648","10"," 아들과 같이봤는데 아주 재미있게 잘 봤습니다"
"649","10"," 10점 만점 입니다정말 재밌네요 "
"650","9"," 재밌게 잘봤습니다.나름 전하고자 하는 몌세지를 알것같았습니다."
"651","7"," "
"652","6"," 내돈돌리도는 면한듯하다"
"653","10"," 완전 재밌게 봤음."
"654","10"," "
"655","5"," 별로 그렇게 까진 재미없는데..."
"656","1"," 난 왜 재미가 없지 ㅠㅠ"
"657","10","<U+0669><U+A4B0>。<U+2022><U+25E1><U+2022>。<U+A4B1><U+06F6>"
"658","1"," 어린이 수준..."
"659","2"," 900만 ㅜ.ㅜ.ㅜ.ㅜ.ㅜ .ㅜ .ㅜ. ㅜ킬링타임용"
"660","0"," 이제 그만 듣고 싶다.따따 따따따-----,,,,,,,"
"661","10"," 완전 재밌어요!! 손에 땀을쥐게하는 영화!! 그게 바로 엑시트입니다!! 이렇게 재밌는영화 배우분들캐미도 짱짱이고 10점만점에 10점입니다"
"662","10"," 대존잼이네. 시간 가는줄 몰랐다."
"663","10"," 현실적이면서 비현실적임.초4딸이랑 너무 즐겁게 봤어요♡"
"664","10"," "
"665","10"," 너무 재밌어서 20번봤다 "
"666","8"," 비장함은 무시하고 담백하고 현실적으로 잘 표현한 작품"
"667","10"," 완전 잼남ㅎㅎ숨쉴 시간이 없졍ㅎㅎ조정석덕에 다들 대박ㅎㅎ"
"668","10"," 천만이 안간다는게 이상!내가살다살다 영화보면서 손에땀이나긴 난생처음ㅎ ㅎ 그많은사람들 같이보는데 숨소리하나안들리게 조용하다가 빵터지는 순간에는 극장이 떠나가게 웃더라ㅎㅎㅎ마블 영화든 천만넘은영화많이 본 우리신랑이 한번도 안했던얘긴데..이 영화는 두 세 번 보고싶다고함!"
"669","0"," 재미 졸라 없음"
"670","10"," "
"671","8"," 영화 겁나 깔끔 시원!!!"
"672","10"," 영화보고 평점 남기는거 다섯 손가락안에듭니다.그냥 그냥 가볍게 보고..아~이런 코믹 영화도있구나~감탄넘 잼나게 즐겁게 영화봤습니다,윤하.정석. 고생 많으셨습니다그리고 윤하 어쩜 그리 이쁜가요^^"
"673","8"," "
"674","8"," 기대 안하고 아무 생각없이 보니까 너무 재있었음기대하면 홈드라마로 보는게 좋을거임그리고 인생 살아본 나이가 좀 있어야 공감되며 재밌음"
"675","0"," 내가 이상한건가? 나는 왜이렇게 재미가 없지?"
"676","10"," 별기대 안하고 봤는데 영화 시작하고 끝날때까지 나도 모르게 몰입함뻔하지 않은 결말도 좋았음"
"677","9"," 조정석 윤아 굿!!"
"678","9"," 둘의 케미가 굿"
"679","10"," 저 오늘 봤는데 너무 리얼해요ㅠㅠ 무서웠고 조마조마했고! 진짜 잘만들었어요 딱 제스탈 ! "
"680","10"," "
"681","9"," 조정석이라는 배우가 있어서 영화계는좋겠네요^^"
"682","10"," 조정석 윤아 너무 귀여워"
"683","8"," "
"684","9"," 재미네요"
"685","6"," 그냥 즐기면서 보는 영화! 의미를 두고 긴장감을 주고 보기에는 부족하지요"
"686","10"," 가볍게 보기 좋은 영화!다만 주인공은 죽지 않아요를 생각하면서 보면 긴장 뚝.."
"687","1"," 용남아...ㅠㅠ 따따 따따따..."
"688","2"," 용남아...ㅠㅠ따따 따따따..."
"689","10"," 소문이상이네요ㅋㅋ 간만에 대박영화 만났네요ㅎㅎ 천만 가즈아~^^"
"690","10"," 진짜재미있었어요...웃다울다 웃다 울다...어느새끝났더라고요~~^^"
"691","10"," 짜릿하고 흥분되게 재밌었음집중력 최고"
"692","7"," 나쁘지는 않았지만...900만까지는 생각 못했네요...그냥 4~5백....잘 하면 6백 정도 찍겠다 싶었는데....다른 분들은 저 보다 훨씬 좋게, 그리고 재미있겍 보셨나보네요..."
"693","1"," 이런 쓰레기가800만 이라니미스테리 하네"
"694","10"," 와...900만 가겠네..."
"695","8"," 재밌게 잘봤어요"
"696","7"," 생각보다 별루네여"
"697","7"," 볼만 해요"
"698","10"," 어마어마하게 재남 "
"699","9"," 윤아연기잘한다. 재밌다"
"700","5"," 오늘보러갑니다"
"701","5"," 처음으로 손에 땀났음."
"702","9"," 약간의 억지스러움을 다 이겨낸 소재의 참신함.. 무척 재미있게 봤어요."
"703","9"," 재미~~~~~굿"
"704","9"," 저는 겨드랑이예 땀이 ㅋㅋ 굿!! "
"705","9"," 중학생 딸이랑 아들이랑 아들친구랑같이 잼나게 봤답니다 "
"706","10"," "
"707","9"," 재밌네요ㅋㅋㅋ 한국영화도 많이 발전했다는 느낌"
"708","0"," "
"709","10"," 재밌네요.도시테러 대비 잘 해야합니다."
"710","10"," 초등딸래미 입소문에 끌려간 영화완전 재밌음극한직업보다 몇배더 ㅎ"
"711","10"," 오늘 이 영화 보고 왔어요 재밌네요 ^^"
"712","10"," 최고임~~"
"713","7"," "
"714","10"," 올 여름 최고의 대작이네!! 이런 영화는 꼭 봐야해!! 봤으니 망정이지 안봤으면 두고두고 후회할뻔 했다!연기파 배우들과 잘 짜여진 시나리오가 대박친 것임!"
"715","7"," "
"716","10"," 너무 너무 재미있었어용"
"717","10"," 스피디한 몰입감 최고!! 부모님에게 자식이 얼마나 소중한 존재인지를 다시 확인할 수도 있는 영화!!"
"718","1"," 집중이 안됨 구성자체가 호러물"
"719","10"," "
"720","10"," 스릴 만점"
"721","2"," 넘 조잡 정교함 없고 어수선 최악"
"722","10"," ㅋ 아들하고 재밌게 봤어요초4학년 아들 왈~~자기 인생에 제일 재미있는 영화라네요"
"723","10"," "
"724","7"," 그럭저럭 재미도 있고 지루하지도 않은 편"
"725","9"," "
"726","9"," 생각없이 봤는데 괜찮던데요신파라는 사람은 그게 신파로 보였나? 풋"
"727","9"," "
"728","9"," 가족 나들이에 좋았어요"
"729","1"," 온간 신파적 장치와 비개연성으로 일관하는 영화. 150억이라는 제작비가 투여됐지만 솔직히 볼만한 장면이 있었는지.... 다만 고두심의 우는 연시는 압권. 그리고 흥행"
"730","10"," "
"731","6"," 기대없이보면 재밌는데기대하고봐서 그런지 별로.이게 860만을 지나고 있다는건 좀 의외다"
"732","10"," 손발에 땀이남~~ㅋㅋ"
"733","10"," 졸잼졸잼졸잼"
"734","10"," 우리가족들 모두 재미있게 봤어요. ^^ "
"735","10"," "
"736","0"," "
"737","10"," ."
"738","10"," 첨부터 용남이땜에 웃겨서 막웃다가 나중엔 안타깝고 같이 긴장하고, 같이 뛰고, 울고불고 마지막은 감동적인 완전 재미났어요."
"739","10"," 내가암벽타는거 마냥긴장하며 재밌게 봤어요"
"740","10"," 엄청 재밌는데..?!"
"741","1"," 이게 왜 800만을 찍었는지 모르겠는 일인.. 마무리도 그닥 "
"742","9"," 이제서야 봤는데사람이 많지 않았지만 극장에서 보길 잘했다 싶다.처음 빌딩 오르는 장면은 압권..심장 쫄깃ㅋㅋ"
"743","10"," 돈아깝지않은영화 "
"744","7"," "
"745","10"," 정말 흥미진진 했슴미다!!"
"746","10"," 최고였어요!유치한영화인가...?생각하고 갔는데 정말 재밌네요ㅎㅎ"
"747","6"," 오늘로 드디어 끝까지봤어요.의주가점장의뺨을때리는데,파워가세네요."
"748","10"," 좀 웃기다 말겠지 하고 봤는데(기사일체 안봄) 웬걸 감동적이기까지하네 몇장면에서 눈물도 나고아직 취준생인 아들생각에 맘도아프고 ..다들 연기 구멍없이 잘 하시더라 특히 압권은 마지막 즈음아버지의 표정연기는 대단하셨어요감정이입으로 그냥 같이 움 ㅠㅠ 나이를 먹으니 허리우드 영화보다 난 우리영화가 더 좋더라기생충 못지않게 재밌게 봤네요 "
"749","10"," 한 순간도 재미없는 부분이 없네요 손에서 땀이 나면서 본 영화는 처음!!! 우리나라 영화도 대단하네요!!! "
"750","10"," 억지 눈물, 고구마 없이 심장 쫄깃하게 만들어 주는 최고의 영화~"
"751","10"," 포스터보고 별로라 생각했는데주변에서 하도 재밌다해서 봤어요남편도 보기싫다하더니 저보다 더 잼나게 보고왔네요짱잼♡♡♡"
"752","10"," 너무 스릴있고 잼있게봤어요조정석도연기잘하고 윤아도 연기잘하네요.노래면노래연기에못하는게읍네요.."
"753","2"," 초등학생수준의 영화"
"754","8"," 밑도끝도 없는 스토리~2%부족한 윤아~그런데도 시간 가는줄 모르고 봤다박인환님의 고맙습니다 한컷에서 영화표값 건졌다."
"755","1"," "
"756","10"," 재미있게 보고 스릴있게 봤습니다. "
"757","10"," 재밌게 봤어요.."
"758","10"," 감동, 웃음, 감동, 웃음 반복"
"759","9"," 천만가자"
"760","10"," "
"761","9"," "
"762","10"," 참 재밌어요 시간가는줄 모르고 봤네요"
"763","10"," 엥 진짜잼있게봤는뎅 별점테러 많으네용"
"764","1","진짜 말도안되는 성적이다.. 개연성 전혀 없고, 억지스런운데다  긴장도 감흥도 전혀 없었다 하지만 이해할수 없는 흥행 와.. 그리고 마지막에 무지개는 뭐냐 ㅋㅋㅋ 영화 중반 이후부터진짜 나가고 싶었다"
"765","2"," 내가 이걸 왜봤는지.....솔직히 돈주고 보긴 아까운 영화...."
"766","8"," 시간가는줄 모르고 봤네용~**"
"767","10"," 심장이 쫄깃한영화"
"768","9"," 꿀잼."
"769","10"," 청춘을 위한 서사시, 청춘 응원 영화"
"770","1"," 평점 알바들한테 낚였다 "
"771","8"," 재미있게 봤습니다~^^앞부분에 욕설장면 유치했어여~"
"772","2"," r평이 좋아 기대하고봤는데 실망 내겐 너무 억지스러움"
"773","9"," "
"774","7"," 초반에 좀 웃기고...중반 이후 긴장감이 좀 떨어지지만...그럭저럭...영상과 음향이 좀 더 좋았더라면 하는 아쉬움이..."
"775","9"," 처지지 않는 전개. 의외의 상황. 출연 배우들의 연기력. 모두 괜찮았습니다."
"776","10"," 꿀잼!!"
"777","7"," 예상했던것보단 흥미진진하게 전개되고 킬타로는 꽤 괜찮은 영화입니다. 초반 턱걸이 장면 인상적입니다. 멋졌어요"
"778","6"," 누가 코메디라고 했는가,,, 눈물나게 처절한 영화...!!"
"779","5"," 좀 억지스러운 전개 코미디인데 그닥 안웃김"
"780","10"," 억지 웃음보다는 그냥 시간가는 줄 모르고 영화에 몰입하게 됨~ 간만에 잼난 영화였음. 짐이 되기도 하고 힘이 되기도 하는 가족이란 무엇인지 웃는 가운데 생각하게 하는 영화였다고 할까? 그리고 잠시 세월호도.... "
"781","8"," 신파 없는 유쾌한 재난영화라 좋았다. 따따따 따! 따! 따! 따따따! "
"782","8"," "
"783","4"," 재밌다고 해서봤지만 재미 그닥..가족들의 과한 연기 끄응.윤아와 조정석 연기 보는 맛은 있음..언제 끝나나 시계보며 기다렸음.."
"784","10"," 밀도있는 구성이란 어떤 건지 잘 보여줬네.과하지 않고,페이스 조절 기가 막히고,그러면서 있을 건 다 있고."
"785","10"," "
"786","10"," 간만에 재밌는 영화 봤네요~"
"787","10"," 배우님들 얼굴보러갔는데요..완전 재밌어요ㄹㅇ쫄보여서 혼자 희노애락 다 겪었는데 최곱니다♡안본 사람 없어야돼요.쵝오"
"788","10"," 배우들 다 연기 너무 잘하고 스릴 넘쳐서 내가 쫄보인 것도 있지만 보는 내내 심장 떨림+재난 시 행동요령에 대해 지식도 얻을 수 있는 영화"
"789","10"," 재밌고 스릴있어요! 잘 만듬"
"790","7"," 긴장되었지만 재밌게 봤어요딱내수준에 맞는영화"
"791","10"," 오늘 아이들과봤어요 긴장도있고 웃긴장면 감동도있고 잼나네요 아들도 제일 재미있다하네요 요새영화중에"
"792","10"," 조정석만이할수있었던 특급연기 윤아도 연기짱"
"793","10"," 헐~~8점이라니 말도안돼!생각보다 재미있는데 이런 재난 영화는 없는데ㅜㅜ"
"794","8"," 가족들과 함께 보기에 딱좋음. 힘들었던 일들을 잠시 잊고 즐겁게 보고 왔습니다."
"795","7"," 기대했던거보다 재미 있었네요^^ 가족들 같이보았어요"
"796","0"," "
"797","5"," 웃었으면 됐지모...."
"798","3"," 댓글 알바들 특징1 필요이상으로 과하게 과찬하거나2 일반적인 원론적수준에 기사에 많이 쓰이는 진부한 표현으로 칭찬하기3 이영화 관람을 선택하길 잘했다며 필요이상으로 이영화를 권장, 유도, 유인하는 평을 쓴다"
"799","9"," 윤아 뿌애애애애애앵하고 우는 거 왜 이렇게 귀엽죠???? 조정석 보러 갔다가 윤아씨 매력 발견하고 갑니다"
"800","10"," ㅋㅋㅋㅋㅋ시원하다 영화가"
"801","9"," 3초등학생인 딸이랑 같이 봤는데요 아직 여린 마음인지 엄청 무서워 하고 엄청 웃고 간절히 바라고.. ㅋㅋ 웃느라 우느라 오랜만에 시원한 영화였네요 웃는것에 만족할 영화를 찾으신다면 괜찮으실듯요~ "
"802","8"," 간만에 봐서 그런지 엄청 재미있게 봤습니다.아무 생각없이 보면 많이 웃을 수 있어요,초등학생들이 보면 더 재미있을 영화에요~"
"803","6"," 그닥 재미있지 않음"
"804","10"," "
"805","7"," "
"806","10"," 재밌어욤"
"807","10"," 에어콘 가동중이었지만 손에 땀이 나서. ..울고 웃고.조정석 짱!"
"808","6"," 시간순간 vs 상영시간짧음"
"809","1"," 장르가..코메디인가? 웃은적이 없다. 조정석을 일년 기다렸다 캐스팅했다? 누구라도 다 될듯..조정석이 못했다가 아니라 충분히 못살렸다 .따로 놈.뺑반의 조정석 정도를 기대하고 갔는데 폭망.내돈주고 본게 아니라 천만다행 ㅡ..ㅡ"
"810","10"," 엄마 모시고 가서 봤는데 엄마 취향에맞았어요~"
"811","1"," 너무 유치해요"
"812","1"," 돈 아깝다. 경쟁작이 없어서 어부지리 800백만인 듯."
"813","8"," 어짜피 오락영화 오락에 충실한 영화차라리 어중이 떠중이 보단 훨씬 낫다"
"814","10"," 진짜 재미있게 봤어요~ 또 보고 싶어요"
"815","10"," Bravo, Korean movie is so good. Thank you."
"816","10"," 영화는 이런 걸 봐야죠~~!! 괜히 800만영화가 아니었네 역시 믿고 보는 연기파배우들: 박인환,고두심,김지영,조정석,윤아 모두 사랑합니다 ♥"
"817","10"," 나도 드디어 3시간전에 이 영화 봤습니다! 2019년 최고의 영화입니다. 엑시트가 무슨 영화인가 했더니 이런 영화였네요.....대박이입니다^^"
"818","1"," 결말이 너무 갑작스럽다. 상황 전개에서 매끄러움이 부족하다. 영화라기보다는 유치한 시트콤 같다. 조정석이 출연해서 믿고 갔지만, 조정석은 괜찮아 1점을 준다."
"819","7"," 900만 가즈아~~~~~~"
"820","1"," 엑시트 댓글홍보 주의보 발령ㅡㅡㅡㅡㅡ from 속아서 본 1인댓글홍보러들의 공통된 평1. 손에 땀이 난다.2. 기대안하고 봤는데 재밌었다.3. 심장 쫄깃하다.이런 내용의 홍보댓글이 무한 반복됨. 네이버평은 더 심함."
"821","10"," 백점만점에 백점~^^ 완전 잼나요~ 감동과 웃음을 한번에~"
"822","10"," 어제 엑시트 보고 왔습니다 800만을 넘긴 영화라 해서 호기심이 발동해서 회사 사람들과 일 끝나고 가볍게 회식하고 나서 단체관람했는데 너무 재미있습니다극장에 안갔으면 후회할 뻔 했습니다 "
"823","10"," 재밌었어요 재난영환데 보고나면 기분이 상쾌해짐ㅎㅎ"
"824","10"," ㅎ"
"825","9"," 재미도 있고,, 윤아도 좋구,, 조정석 연기는 머 ㅋㅋ 주변 분들도 짱 ㅎㅎ"
"826","8"," 첫날 봤는데 재밌었어요 ''"
"827","5"," 기대가 컷던걸까? 단한번도 웃지않고 본 영화"
"828","8"," 오버하지 않고 성실하게 이끌어간 설정재난영화,,,, 그래도 중간중간 왠지모르게 눈이 따끔해지면서 사람들 마음속에 고통이 극하 상황에서 드러나는 것에 공감했다. 엔딩에 무거워서 나중에 가져가겠다는 말 공감했습니다. 때론 지갑의 동전모인게 무겁거든요....사람상해가 안나와서 좋았어요.."
"829","10"," 딸과함께 진심 너무잘보고,감동도받음"
"830","6"," 그렇게 재미는 있지않던데800만 넘은거 이해불가"
"831","1"," 댓글이 좋아 봤는데 어떻게 이게 재밌다고 할수 있나유치원 수준"
"832","8"," 보는 내내 가슴 졸이며봤네요~잼있게 잘봤어요영화 끝날때까지 조마조마 긴장의끈을 놓을 수 없다능~"
"833","10"," 넘나 재미 있어 시간 가는줄 몰랐습니다. 코믹하면서도 긴장감을 놓지 않게하여 몰입이 확 되었습니다."
"834","10"," 간만에 본 수작영화"
"835","1"," 너무 별로였어요ㅜ"
"836","8"," 최근에 온통 신경 쓸 거리밖에 없었는데 영화 '엑시트'가 주는 유치한 상상이 영화를 보는 내내 기분 좋게 해주었습니다!"
"837","9"," 여자친구랑 최근에 본 영화중에 그래도 가장 재미있었다고 생각한 영화입니다 나름 긴장감도 있었고 코미디도 있어요!!!"
"838","9"," 별점테러하지마라. 확실히 재미있다. 극한직업보다는 헐씬 더 재미있다."
"839","8"," 가볍게 볼만하다"
"840","10"," 재밌어영"
"841","1"," "
"842","10"," "
"843","10"," ㅋㅋ요즘 머리 복잡했는데 이것보니 앤돌핀 상승아무생각 없이 보니 딱좋다.. 손에 땀나더라.."
"844","8"," ㅋㅋ"
"845","6"," 손에 땀은 계속나고 왜 눈물이 나는건지 웃기보단 울고나온영화"
"846","1"," 영화결말을 뻔히 보여준다. 뻔뻔한 영화라 생각했다. "
"847","7"," 스토리가 뜬금없고 뻔하지만 그냥그냥 볼만한 영화"
"848","9"," "
"849","10"," "
"850","8"," 감독의 진심이 느껴진다"
"851","9"," 막 재미있진 않지만 시간 가는 줄 모르고 잘 봤어요."
"852","8"," 뛴다. 계속 뛴다예쁜 척 멋있는 척 하나 없이둘 다 열심히 뛸 때는 나도 같이 심장이 뛰었다."
"853","1"," 노잼"
"854","8"," "
"855","7"," "
"856","10"," "
"857","10"," "
"858","6"," 그저그럼"
"859","10"," 손에 땀을 쥐고 봤어요정말 오랜만에 돈아깝지 않은 영화였습니다~!"
"860","10"," 생각없이 보고 나서 빵터진 훈훈한 가족 영화..ㅎㅎ"
"861","10"," 넘 재미있어요 ^^"
"862","10"," 이런 영화는 꼭 극장에서 봐야함,TV에서 보는 거랑 극장에서 보는 거랑 천지 차이임.이 영화를 본 사람으로서 적극추천 함."
"863","10"," 어제 가족들과두번 관람했습니다 2주전에 가족들과 같이 보고또 보고싶어 어제 봤습니다잘 만들어진 재난영화라또 보고 싶어서 두번 봤습니다"
"864","1"," 이게 재밌다고??? 평점과 관객수가 왜 이러죠???아무리 개취라지만...명절에 TV로 봐도 될듯...안봐도 아쉬울거 없거요.코미디라면서...영화보면서 한 번도 안웃었는데...."
"865","9"," 보는내내 긴장의 끈을 놓을 수 없었네요! 요즘시대 문화들을 자연스럽게 녹인 코미디 감동영화^^ 따따다 따 따 따 따따다~"
"866","1"," 수준 이하 90년대 신파극왜 110분도 못채웠을까ㅋㅋㅋ"
"867","10"," 영화 보는 내내 울음을 참았.. 아니 코메디 영화라는데, 엄청 웃긴데, 동시에 이 울컥은 뭔지. 제 인생 영화입니다. 꼭꼭 보세요. 영화평 남기려고 로긴하기 인생 첨이네요. 내일 출근인데.. 딱 한 잔만 더하려구요. 하아...(아 그리고 제 앞에 빨리맨님~ 엔딩 크레딧 보시면 어케 크레인! 올라갔는지 나와요! 전 나중에 크레딧 때 보여주는 게 그게 또 너무 좋더라구요.머 저의 개취^^)"
"868","9"," 8월25일 광명철산 cgv 오후 2시 40분에 들어가 보는내내 긴장하면서 몸에 힘들어가는 영화였다. 나름 괜찮은 영화였는데 내가 잠을 잤는지 윤아와 정석이가 크레인 올라갔는데 어떻게 올라갔는지 알지 못해 궁금하였다 그래서 9점을 주었다. 괜찮은 배우에 괜찮은 연기 2019년 여름을 즐겁게 해준영화였다. "
"869","10"," 윤아 조정석, 그리고 다른 모든 배우들 너무 연기를 잘하셔서 실제 상황처럼 느껴졌어요 정말 재밌게 잘 봤습니다"
"870","10"," 유치했지만이미 결말은 다 알고 보는거지뭐이정도면11점이닷간만에 나도 모르게 손에 힘들어갔다"
"871","9"," 손에땀을쥐고집중했던영화"
"872","10"," "
"873","2"," 진짜 유치했음결론이 너무 뻔함 영화보다가 집에 가고 싶은 적 처음임왜 재밌다고 하는지 모르겠음"
"874","2"," 재미있다길래봤는데...기대가컷던걸까? 진짜 유치해서원! 중간에 나오고싶었음...올만에재미도없고 감동도없는영화봤네"
"875","2"," 좀 유치하기도 하고 심각한 상황에 억지 웃음을 만드는것 같아 저는 좀 부끄러웠어요."
"876","8"," 시트콤"
"877","10"," 보는 내내 긴장을 못 놓았고 재밌었어요 ㅋㅋㅋㅋㅋ"
"878","8"," 넘재 ㅋㅋ"
"879","10"," "
"880","8"," 처음부터 끝까지 긴장을 풀수 없었던~몇몇 억지스러운 장면이 실소를 자아내지만뻔한 소재를 중반이후 긴장감있게 잘 풀어 나갔다배우 조정석 역시 실망 시키지 않았고 막강 케미를 보여준윤아의 발연기 역시 액션에 잘 묻혀졌다마지막 생사 역전의 궁금증은 에필로그에서 찿아보시기를~지금도 귀에 울리는 따.따. 따따 따아~~~"
"881","8"," 가기 싫다는 남편 데리고 가서 이미 잠자기 시작한 남편을 보면서... 그러나, 산 타는 내 남편 니찌 장면 나오자마자부터 보기시작.. 완주한다.. 뭔가 본인과 맞으면 되는거 아냐?"
"882","1"," 정말재미 없는데왜케띄워줌? 이게 청춘의답답한 현실을다른것도아닌데제티비씨는두번씩이나왠헛소리냐"
"883","2"," 봉오동이 이거 반이라니 말이되?이런류의 영화가 봉오동을 이기는 개한민국"
"884","10"," 가족같에 사랑 웃음스릴넘 재미있었읍니다조정석씨 최고에요2번봤읍니다"
"885","10"," "
"886","9"," 손에 땀을 쥐면서 봤네요 재밌어요"
"887","8"," 끈끈한 가족애의 진수"
"888","10"," "
"889","8"," 신나게 웃었다. 그럼 된거 아냐?? "
"890","9"," 힘내라청춘아"
"891","9"," 가족과 다함께 볼 수 있는 영화..재미있음"
"892","10"," 즐겁게 몰입할수 있었습니다윤아씨 연기가돋보였어요"
"893","1"," 네 신파 오지구요"
"894","10"," ."
"895","8"," 조정석의 어눌한 대사가 좀 거슬렸으나 재밌는 국산 오락영화"
"896","10"," "
"897","1"," 추석에 티브로 볼만한 영화"
"898","10"," ㅋㅋㅋㅋ 이런 코미디 영화 많이 나왔으면 좋겠음ㅋㅋ"
"899","10"," 조정석윤아 짱짱짱~~~~"
"900","10"," 깔끔하고 유쾌한 영화+선정적이거나 폭력적인 장면 1도 안나옴+ 가족들과 보아도 매우매우 즐거움!!(따)"
"901","8"," "
"902","10"," 아주 쫄깃하고 스릴 넘치네요"
"903","10"," 이 시국에광복절 끼고 .개봉한""봉오동전투""가아니라. 이런즉흥적웃음자아내는영화가800만넘었다는건.요즘국민 감성의흐름을생각해보아야한다."
"904","0"," 내가 여기 왜 앉아있나... 자괴감이들었다"
"905","10"," 윤아조정석 콤비 최고! 웃음과 긴장감으로 시간 가는 줄 모르고 잼나게 봄"
"906","8"," 오락영화로서 괜춘 윤아 연기는 거슬리지만시간 가는줄 모르고 재밌게 봄"
"907","8"," 유치하고 말이 안되는 부분이 간간히 나오지만 시간 가는 줄 모르고 봄."
"908","10"," 극적 긴장감과 코믹함의 캐미가 완벽한 도파민과 아드레날린의 분비가 아주 충만한 영화이다.웃다가 울다가 웃다가 시간이 금방가는 스트레스 해소용으로 그만인 영화이다."
"909","10"," 잼났음"
"910","9"," 스릴 잇고눈물나고웃기고유쾌한영화"
"911","7"," 재밌다"
"912","7"," 허허...입소문이 무섭기는 하네...근데 참 쫄깃하게 잘본거 같아...생각외로 말이지..주변 어르신들도 보신분들은 다 재밋다고 하시더라.."
"913","9"," 분명 웃긴 영환데 ‥보고 나서도 눈물이 나고 마음이 아팠어요^^;;;"
"914","10"," 한국 영화의 수준이 높아 졌다는 느낌~적당한 긴장감과 몰입도, 유머스러우면서도 인간적인 면을 일깨우는 휴먼리즘~"
"915","7"," 헛점이 많이보이지만 가볍게 생각하고 보면 재미있고 볼만하다"
"916","7"," "
"917","10"," 특히 한국 영화에 있어 칭찬이 야박한 예랑이 잘 봤다고 한 영화에요! 재밌었고, 무엇보다 신선했다고 하더라구요.그리고 조정석 배우의 찌질연기 최고..! ㅎㅎ"
"918","8"," 초등 2,4학년 아이들과 재밌게 봤어요애들은 좀 무서웠다고 하는데그래도 끝까지 잘봤어요보길 참 잘한것같아요~~^^"
"919","9"," 웃다울다 시간이 훅! 여러가지 한국사회문제를 잘 버무려놓고 ,거기에 감동과 유머까지...... 꽉 막힌 속과 답답한 머리 식혀주는시원한 영화!! 약간의 억지는 애교"
"920","10"," 시간 금방지나가게 재미있어요"
"921","1"," "
"922","10"," "
"923","9"," 스릴 있고 유치하지 않고 재미도 있었어요"
"924","9"," "
"925","9"," 스릴있고 재미있게 보았네요.~~^&^"
"926","9"," 깔끔하게 유쾌하다!"
"927","10"," 가족이 같이 봤는데 다들 재밌었다고 하네요. 저도 재밌게 봤어요. 선정적이거나 폭력적이거나 잔인한 장면 없이 적당히 쫄깃한 장면과 웃음이 있어좋앗습니다."
"928","9"," "
"929","6"," "
"930","10"," "
"931","10"," 재밌게 웃으면서 잘봤어요"
"932","10"," 가족과 가서 아주 즐겁고 스릴있게 잘봤어요. 보통나오는 구타유발자가 거의 없고 주인공 남녀 모두 능력자라서좋았어요.영화 나왔을땐 3류영화스럽다 생각했는데평이 좋아 보게됐는데 안보면 후회할뻔~!"
"933","10"," 어머니랑 진짜 가볍게 재미있게 봤습니다~ 짠내나게 웃기네요 ㅋㅋ 잘봤습니다~대박나세요~^^"
"934","10"," 보는 내내 워우!거리고진짜 재밌네요ㅋㅋㅋ주인공도잘 택하신거 같고추천합니다"
"935","10"," 12세 이상이지만 중학생 부터 보는것을 추천해요계속 심장 마사지 하는 기분이었어요 쫄깃쫄깃"
"936","6"," 너무기대를 햇나 좀 아쉽게 밧네요 ^^"
"937","10"," 진짜 재미있어요 중간중간에 움찔! 하기도했었고스릴도 넘치고 주인공캐스팅도 잘된것같네요. 보는내내 우와.. 잘생겼다.. 거리고 우와 예쁘다... 거렸네요 ㅎㅎ 엑시트 보고나서 하루종일 따따따 따따 따 따따따 거리네요.이런영화 많이 나왔음 좋겠어요"
"938","9"," "
"939","7"," 스토리 개연성은 좋은데 연줄 잘못함"
"940","5"," 기대하고봤는데 생각보다 너무 유치해서 집중이 안되더군요 간만에 본영화인데 씁쓸합니다ㅜㅜ차라리 봉오동볼껄"
"941","0"," 폭력적인 건 없어요. 재밌게 봤어요. 추천드립니다. "
"942","9"," 그냥그냥 재밋게 봤어요추석때 식구들하고 보면 그런대로 괜찮을듯합니다선정적이거나 폭력적인건 하나도 없어요 좋아요"
"943","10"," ㅋㅋㅋㅋㅋ평가 하는건 좋은데 아예 보지말라고 지럴하는건 좀 아니지 않냐;; 난 충분히 재밌게 봄ㅇㅇ 웃음이분 마다 나왔음ㅋㅋㅋ 추천드림다"
"944","8"," "
"945","1"," "
"946","1"," 최악 다보이는 개그코드 손발이 오그라들음"
"947","7"," 굿"
"948","5"," "
"949","10"," 10년 본 영화중에 최고라고 해도 이영화를 평가할수 없을만큼 모든요소에 엄지척 영화. 지금도 가슴이 설레네. 별로 시시할거라생각해서 안보려했는데 안봤으면 땅을 치고 후회할뻔. 4천만 관객도 가능할 수준. 외유내강 제작자 누구셔요.와우"
"950","5"," "
"951","10"," "
"952","10"," "
"953","10"," 아이들이랑 한번 보고너무 빵!터져서 ㅋㅋㅋ신랑에게 추천해서 두번 봤어요.난 넘 웃겼는데...살짝 찡했죠.신랑은 울더이다ㅋㅋ"
"954","0"," 재미없어요 보지마세요"
"955","9"," "
"956","8"," "
"957","10"," 완전 꿀잼"
"958","5"," 이게 재밌었어?ㅡㅡ"
"959","1"," 최악"
"960","10"," 모범적이고 착한 재난영화. 지루할 틈 없이 재미있었고 유쾌함. 한국 영화 중에 이런 잘 만든 영화를 볼 줄이야. 생존을 위한 액션에만 초점을 맞춘 깔끔한 연출이 좋았고. 감정과잉이나 선정적 자극적 연출 없어서 좋았고. 무엇보다 두려워 울면서도 결국 올바른 선택을 하는 '보통 사람' 주인공들이 너무 좋았다. "
"961","6"," 명절에 티비에서 보면 좋을 정도"
"962","10"," "
"963","10"," 9점 주려다 알바들이 평점 테러하니 10점 줍니다저 2번 봤구요2번 전부 엄청 재밌게 봤습니다.스크린 큰 걸로 보고 싶어서 한 번 더 보게 된 건데역시 더 좋더군요.꼭 보세요. 이 영화는 집에서 작은 화면으로 볼 영화가 아닙니다. 영화관 큰 스크린으로 보세요.진짜 잘 만든 영화에요"
"964","10"," 굿"
"965","10"," 윤아 개이쁨"
"966","7"," "
"967","9"," 지난주에봤는데 ,, ,잘봤구만 재난인데 완전한 가족영화흐뭇 하던데, , , 영화계 미래가 알바들 땜시 어두워진다"
"968","8"," 그냥 재미로 보면은 괞찮은 영화 ㅋㅋㅋ"
"969","10"," 졸잼!!!!!!!!!인생영화"
"970","0"," 최악"
"971","10"," "
"972","10"," 가볍게 웃고 간장감도있고 잼나게보고 왔어요"
"973","8"," 액션영화의 폭을 넓힌 작품. 코믹 속에 녹아든 현재 청년들의 모습. 뉴스의 정보가 사실인가 유튜브의 정보가 사실인가. 어느쪽이 만들어내는 연출인가. "
"974","10"," 손에 땀을 쥐고 봤음. 지루할 틈이 없었음."
"975","10"," 영화 너무 잘 만들었습니다밑에 매국노분노의 질주 알바놈들이 매일 들어와 별 하나 찍어대며 억지로 폄하하려고 해도괜히 800만 영화가아닙니다요즘같이 지독한 불경기 영화계에 800만이면 평상시 같으면 1,000만 관객이 넘은 대박 영화입니다말이 필요 없습니다 영화 보시면 답이 나옵니다안티 알바들 말은 들을 가치도 없습니다외국영화 잘되라고 매일 매국노 짓하는 알바놈들이 애잔합니다 ㅉㅉㅉ"
"976","1"," 다들 정말 나랑 같은 영화 본거 맞나?코믹, 액션?액션은 당최 어디서 봤는고?코믹은 당최 어느 부분에서 그렇게 웃었다는건지....초등3학년이상의 연령대에 있는 사람에게는 수준미달로 비추임."
"977","3"," 지루 했어요너무 지루해 잠자려 했는데 사람이 없어 영화관이 추웠습니다그냥 개콘이나 코빅 보세요총평 : 아무 생각없음"
"978","10","코믹, 액션을 다가진 영화!! 곳곳에 숨겨둔 감독님의 깨알꿀팁을 찾으며 더 잼나게 봤어요! 자칫 유치할수 있는 부분들을 조정석배우님의 디테일로 살리고..... 귀엽게 무너지는 윤아배우님의 모습에 ㅋㅋㅋ  재난에 대처하는 우리의 바른자세!!!! 잘 배우고 갑니닷~~!!!"
"979","8"," 한국형 재난영화중코믹과 스릴 두가지 다 잡은 영화네요.손에서 약간 땀이 나더라구요.재밌게 봤어요."
"980","1"," 하남스타필드 메가박스가서시간때우느라 짜증났다이런게 무슨 영화라고<U+11A2>"
"981","10"," 조정석 이름보고 봤다. "
"982","9"," 한국형 재난 영화의 방향 제시..마지막 장면에서의 개연성에 대한 의문 빼곤,정말 뛰는 영화는 버프를 받는다"
"983","9"," 정말 재밌게 봤네요"
"984","10"," 시간가는줄 모르고 재밌게 봤네요~"
"985","4"," 엉성엉성...그나마 배우들 연기 잘해서 점수있음"
"986","10"," 간만에 재밌으면서 , 시작부터 끝까지 긴장하며 본 영화내요,최고내요."
"987","10"," 완죤~~ 울고 웃다 왔어요ㅎㅎㅎ"
"988","1"," 영화가 1시간 반이라 오 신이시여 라며 감사인사를.. 2시간 넘었으면 엄총 짜증났을 무지 억지스러운 개연성 없는 말안되는 영화.."
"989","10"," 개봉첫날예매해서봤습니다. 역시조정석님짱!!!재난영화를 재미있게잘표현했고생활에서 숨어있는 지혜를활용해서잘대처하는내용아주좋았습니다. 취준생님들기죽지말고화이팅합시다.모두소중한분들입니다"
"990","10"," 부모님이랑 정말 너무 재밌게 봤어요깨알재미가 가득하고 어색한 장면 하나 없고연기 연출 다 좋네요 또 보고싶어요이 웃낀영화에 저는 다섯번 넘게 울었네요동생아누나는 널 믿는다 사랑한다"
"991","10"," 기대 안했는데참 볼만하네요"
"992","6"," 이영화 볼만은 하다 다만 살짝 유치+시시 했으나 그래도 명색이 과연 CJ의 텐트폴 영화 답다 중박급 즉 4백만~6백만 수준이나 평론가들조차도 양심불량 알아서 기다 식으로 사실상의 여론조작 평점공작 등에 공모 +1백만 더해서 7백만명급으로 추정된다 머리 복잡하지 않고 그냥 가볍고 바보처럼 아무 생각없이 보는 그럭저럭 기본빵인 그런 영화이다 나도 처음에는 그무슨 걸그룹 소녀시대 출신 윤아가 주연배우로 나온다고 해서 어리둥절 했었는데 머 이정도면 발연기 연기력 논란은 없을 거 같다 그렇게 히히덕 거리며 잘 봤지만 극장을 나오면서는 내가 다소 수준이 떨어지고 멍청해진 느낌이다 그렇게 영화관을 나와 화장실에 갔는데 마치 영구처럼 여기저기서 실성한 사람들 마냥 따 따 따따따 이러고들 아주 놀고들 있다 이를 보고도 제정신이 있다면 장탄식을 하지 않을 수가 없다"
"993","10"," 의문의 민방위 교육"
"994","10"," 재밌었어요"
"995","8"," 클라이밍이 스릴있고, 코믹하게 잘 만들었네."
"996","8"," "
"997","8"," 기대 없이 보면 좋을 영화 (코미디 영화 아님)https://sp017.tistory.com/261"
"998","0"," 저번에 치킨집에서 수사하는 영화도 그러더니 어떻게 이런 영화가 700만을 넘겼냐 "
"999","5"," 알바댓글 진짜 많나보다<U+11A2>평점 보고 괜찮겠지 싶어서 보러갔는데 도대체 말도 안되는 내용에다가 어느부분이 코믹이라는건지<U+11A2>코미디부분은 정말 유치찬란<U+11A2>그나마 조정석이 호감이라 5점준다"
"1000","8"," "
