"","movie_t","movie_r"
"1","82년생 김지영","82년생 김지영편견을 지우고 보면 그저 평범한 한 여성과 그 가족의 이야기입니다. 그래서 공감도 많이 됐구요. 많은분들이 봤으면 좋겠네요. "
"2","82년생 김지영","82년생 김지영담담하게 보여주는 대한민국에서 여성으로서 살아가는 삶. "
"3","82년생 김지영","82년생 김지영난 82아니고 91년생 여자라 잘 공감은 안됨. 영화관서 우는 사람도 간간히 있던데 흠;;;; 영화자체는 논란과 달리 남녀대결구도도 아닌건 좋았 "
"4","82년생 김지영","82년생 김지영"
"5","82년생 김지영","82년생 김지영결혼해도 후회 안해도 후회 할거면 그냥 혼자 살아라 ㅋㅋ ㅎㅎ "
"6","82년생 김지영","82년생 김지영왜 젊은세대가 애를 낳기 힘든지 잘 보여주는 영화. 영화에선 대현이가 외벌이가 가능하기라도 했지 현실은 어쩔수없는 맞벌이도 많음. "
"7","조커","조커그냥 만점이다... 뭐하나 빠지는게 없음.. 호아킨의 웃음소리 듣자마자 소름끼치면서도 측은하고 여러 감정들이 교차한다.추가로 금연4년차인데 흡연장면들 보면서 처음으로 담배 말렸다. ㄷㄷ "
"8","두번할까요","두번할까요그래도 김지영보다 낮고 근데 이것도 망하면 귀수는 어쩌냐? "
"9","82년생 김지영","82년생 김지영"
"10","82년생 김지영","82년생 김지영엄마와 할머니로 빙의된 지영 씬에서 눈물이 멈추질 않았습니다.지영이와 비슷한 경험은 없지만엄마 생각이 많이 났습니다.우리 엄마세대는 대부분 지영엄마와 비슷하게 사셨으니까요.좋은 영화 감사합니다. "
"11","퍼펙트맨","퍼펙트맨코미과 감동이 적절히 섞여서 웃겨서 콧물 슬퍼서 눈물도 났어요ㅋㅋ 기대를 크게 안하고봤는데  배우들연기가  조연한명도 거슬리지않고 잘해서 집중해서 봤어요 조진웅씨연기는 진짜ㅋㅋ매력터지네요  전 전라도라 모르겠는데 부산 현지인이 들어도 조진웅씨 사투리가 완전 진빼이라고허는데~너무  잘보았습니다^^500만넘길바랍니당 "
"12","82년생 김지영","82년생 김지영남자를 여자의 적으로 내모는 영화 "
"13","82년생 김지영","82년생 김지영우리가족 모두 김지영이다!외할머니 : 애기때 누가 골반을 세게 눌러서 평생을 절뚝이며 사셨다. 돌아가시기 몇해전 “당시 치료만 받았어도 정상인으로 살수 있었을 것”이란 의사 말에 하루를 목놓아 우셨다. 어머니 : 평생 부엌일에 디스크로 5년째 집에만 계신다. 여공, 가정부, 미싱, 안해본일 없지만 마지막 식당 주인이 되었으나 허리를 망치게 되었다. 누나3명 : 전국5000등도 했던 큰누나. 가정형편에 대학 포기하고 서울여상 졸업. 은행다니며 성균관대 독어과 야간에 입학했으나 야근이 많이 졸업포기. 딸 둘 대학 보내고 이제 방통대에서 중문과 공부중. 최근 아들 동생들 대신 친정 부모님 모시기 시작함. 4째 큰아들 : 이집트로 이민.5째 막내아들:  결혼기념일에 아내와 영화보고 감동, 동감하여 댓글 작성 중.남여 함께 잘 살자! 회사 신규 지점에 여직원 휴게실 만들어 드려야 겠다. "
"14","82년생 김지영","82년생 김지영평점좋은거하나도없고 빨리 쓰렉영화 막내려라 페미년들 더발광한다 감상포인트하나도없다 거지같은영화 "
"15","로건","로건진짜 존잼이였음. 존잔인하고 존잼!! 울바린의 끝을 보게됨 "
"16","너를 만난 여름","너를 만난 여름건축학개론이 생각나는 영화네요 "
"17","82년생 김지영","82년생 김지영이걸보고 공감하라고? ㅋㅋ지들 이득쳐보려고 군가산점도 없애고여자들이 받는 특혜는 생각도 안하고 남자들이 조금이라도 특혜받으면 난리를 치면서 공감하라고하네 진짜 답도없다친구랑 오후에 영화봤는데 2명이서 봤음근데 관객수가 저렇게 나오네 본사람들이 또 보는건가? "
"18","82년생 김지영","82년생 김지영세상의 모든 지영님들이 행복했으면.. "
"19","82년생 김지영","82년생 김지영책은 담지 않은 부분을 영화적으로 잘 표현했다고 생각합니다. 특히 엄마, 엄마의 엄마간의 아픔을 보여준 게 제일 아렸습니다. "
"20","82년생 김지영","82년생 김지영부부가 꼭 같이 가서 보면 서로를 부둥켜 안고 위로할 수 있는 영화입니다. "
"21","82년생 김지영","82년생 김지영키 170도 안되는 벌레냄져 특징 : 주제파악 못하고 소개팅 요구함 "
"22","82년생 김지영","82년생 김지영지금 대한민국에서 여자로 사는게 어떤데? 진짜 한번 물어 보고 싶네... 니네가 애를 낳냐? 힘든 일을 하냐? 결혼때 니 돈을 쓰냐? 데이트 비용을 대냐? 못생기고 키작은 남자들 대놓고 루저라 하질 않나? 남편 직장 보내고 애 어린이집 보내고 동네 비슷한 것들끼리 만나 남편욕 시댁욕... 맘에 안드는 사람들 욕 욕 욕... 쓰레기 소설임... "
"23","82년생 김지영","82년생 김지영너무나 공감되는 스토리 .. 슬퍼요 ㅠ "
"24","라이온 킹","라이온 킹역시 원작을 뛰어넘을수는.. "
"25","판소리 복서","판소리 복서이 영화를 계기로 삶이 지루하지 않다는 것을 깨달았습니다 "
"26","82년생 김지영","82년생 김지영하필 82년생으로 지은 이유가 뭘까? 여성들에게 피해의식을 심어주기 위한 작가의 아주 나쁜 의도가 들어있다고 본다. "
"27","조커","조커연기에서 무너지는 삶에 대한 아픔과 고통이 너무 잘 나타내고 있는것 같다~ "
"28","조커","조커조커는 역시 이래야.. "
"29","82년생 김지영","82년생 김지영엄마랑 같이 보고왓어요 왜 논란이되는지 알수없지만 저 과정안에서 많은 이야기들이 공감이되고엄마가 겪은 가장 가까이서 봐 온 실제 경험담이기도해 많이 울었습니다.여자라는 이유로 많은 것들을 포기해야했지만 그런 삶이 통틀어 후회된다는 것이 아닌 씁쓸한 상황들 실제로 일어나고있는 현실을 담아주어 마음 아파했습니다. 끝나고 여전히 먹먹하네요 감사합니다 영화보고 남기는 첫 감상평입니다. 그래도 점점 변화되고있음에 또 감사하네요! "
"30","소녀와 여자","소녀와 여자할례를 받는 특권은 누구를 위한 것인가? "
"31","말레피센트 2","말레피센트 2연출력은 괜찮으나, 어딘가 모르게 어설픈... "
"32","82년생 김지영","82년생 김지영너무 재밌게 잘 봤네요 공감가고 잘 표현 했음 ~남편이 공유라는건 공감이 좀.ㅋㅋ어쨌든 강추합니다 "
"33","82년생 김지영","82년생 김지영책을 읽으면서도 펑펑 울었지만 영화를 보며 눈물을 흘리지 않을 수가 없네요. 같이 본 제 남편도 옆에서 훌쩍이더군요.. 저는 85년 4남매 중 첫째딸로 태어나 운이 좋은 편이었어요. 먼저 이 영화를 본 셋째 여동생은 눈물을 폭포수처럼 쏟아냈다고 해요.. 모두가 막내인 남동생만 귀하게 여기는거 얼마나 지긋지긋했게요. 30대 중반이 된 지금까지도 학창시절에 부모님으로부터 받은 차별을 떠올리면 나도 모르게 눈물이 나요. 매번 어김없이요. 밤늦게 학원 끝나고 집에 가는 길 가로등 훤한 골목길에서 모르는 남자애들이 갑자기 차 뒤에서 튀어나와 달려들어 가슴 만지려고 발악을 하다 도망간 일도 있었어요. 얼마나 무섭고 화가 나던지요. 한번은 대낮에 단지 내에서 당한 적도 있어요. 나중에 친구들과 이야기 나눠보니 그러한 일을 당하지 않은 여성이 거의 없더군요. 어릴적부터 경험한 이러한 사회에서 어떻게 남성을 혐오하지 않을 수 있을까요. 우리 빌어먹을 남존여비 가부장제 다 부숴요. 영화로도 만들어주셔서 고맙습니다. "
"34","82년생 김지영","82년생 김지영생각했던 내용이 아니였고 좀 와닿는게 많았던 영화. "
"35","82년생 김지영","82년생 김지영앞으로 이런 영화가 더 많이 나왔으면 좋겠다. "
"36","조커","조커악인의 지나친 합리화? 사회가 썩었다고 모든 사람이 썩는건 아니지만...그중 특히 곪아버린 한 사람의 이야기..배트맨에 나오던 불사신같은 능력은 언제 습득하는겨?? ㅋㅋㅋ "
"37","82년생 김지영","82년생 김지영1점을 줬는데 1점이 됐어염. ㅜ.ㅜ 20대 여성이 감동한 저질 영화라길래 보고싶지만 버팔로 되서 현실서 걸러질까봐 못보겠어염. 미스김 몰래 보러간다는데 부장님한테 걸리면 좃되니 조심하길. "
"38","82년생 김지영","82년생 김지영주제와 의도에 높은 점수를 주고싶습니다건강한 페미니즘을 지지합니다하지만 너는 왜? 어느 부분에서? "
"39","82년생 김지영","82년생 김지영현실에 있을 법한 얘기 좋은 영화입니다. "
"40","82년생 김지영","82년생 김지영으으으으아으으악으으으으윽 "
"41","82년생 김지영","82년생 김지영페미만 아니면 공감할수도 있는 영화.. 의도는 좋았다 "
"42","82년생 김지영","82년생 김지영너무너무 공감하며 영화를 보았네요~~ 대한민국에서 여자로 산다는것이 쉽지않다는걸 다시 느꼈어요.. 원작 책으로도 읽고싶어졌습니다 "
"43","더 킹: 헨리 5세","더 킹: 헨리 5세전쟁과 평화, 위대한 왕과 살인마 "
"44","존 윅","존 윅저녁 시킬 때마다 현웃. ㅋㅋ "
"45","82년생 김지영","82년생 김지영올해 최고의 영화라고 생각합니다. 더 많은 사람들이 봤으면 좋겠어요. "
"46","82년생 김지영","82년생 김지영평범한 우리네들의 이야기 "
"47","스피드","스피드얼마전에 TV에서 봤는데, 요즘 영화보다 훨씬 낫네요.. "
"48","82년생 김지영","82년생 김지영남녀 성대결에 대한 주제가 아니라 가족에 대한 영화입니다. 어느 누구하나 악역이 없지만, 그럼에도 생기는 갈등과 문제에 대해서 서로 이해하고 풀어나가는 있을 법한 이야기입니다. 격하지않고 담담히 풀어나갑니다. 주인공이 김지영이 아니라 대현이 될수도 있고, 친정엄마가 될수도 있고, 시엄니가 될수도 있죠... 누구의 삶이 주제가 되더라도 가족과 같이 서로 이해하며 풀어나가는 모습을 상상할 수 있는 영화였습니다. 고생하시며 사신 친정, 시댁부모님, 가장의 책임감을 묵묵히 소화해내는 남편, 김지영처럼 열심히 사는 아내들에게 고마운 마음이 드는 영화였습니다. "
"49","스노우 화이트","스노우 화이트시작하고 10분만에 딥슬립 -> 특정 장면에서 잠깐 기상 -> 딥슬립의 반복! "
"50","82년생 김지영","82년생 김지영ㅋㅋㅋ 본 사람만 댓글 적으라고 한사람 진짜 본거 맞나.. 소설의 김지영과는 다르게 영화 속 김지영이 부적응자 처럼나온다. 근데 옹호받을줄이야. 난페미들이 이영화보고 불매할줄알았는데ㅋㅋㅋ소설속 김지영 : 김지영이 보는 세상.영화속 김지영 : 세상이 보는 김지영. "
"51","82년생 김지영","82년생 김지영공감과 논란 사이의 경계 "
"52","82년생 김지영","82년생 김지영"
"53","말레피센트 2","말레피센트 2재밌어욤 ㅠ 결혼식은 에바지만 "
"54","얼라이브","얼라이브최고의 영화다.. 최고.. "
"55","82년생 김지영","82년생 김지영회사 동기와 오열하며 봤습니다현시대 20대,30대 워킹 여성들이살면서 당연시 당해왔던 여성혐오를담담하게 그려낸영화입니다주변 남성분들이 꼭 봤으면좋겠네요영화끝나고 동기랑 맥주한잔하면서우린 회사에서 꼭 버텨서후배들에게 좋은 본보기가 되자고 다짐했네요 ㅋㅋ "
"56","82년생 김지영","82년생 김지영여자들의 삶을 그린 감동적인 영화입니다. "
"57","82년생 김지영","82년생 김지영엄마랑 같이봤는데 둘다 펑펑 울고 나왔습니다. 엄마에게 큰 위로가 됐다고 하시네요. "
"58","82년생 김지영","82년생 김지영부탁드려요 현실에서 제발 저 영화보고 감동이엇다고 씨부려주세여. 정상인이 거를수 잇게. 너의 그 더러운 페미 티를 내주세여 밖에서 말도 못하는 걸 감동 ㅈㄹ하네. 니들 설겆이한다고 시부릴때 81년생 남성은 연평해전서 총 맞아 d졌어 이 기생충 한녀들아 아 역겨워 82kg 김치년 본것들 다 거르세요 "
"59","82년생 김지영","82년생 김지영그냥 가서 보면 평점이 이해가 갈겁니다! "
"60","82년생 김지영","82년생 김지영"
"61","82년생 김지영","82년생 김지영여성특유의 공감능력을 이용해 평범하게 사는 여성들까지도 이 말도안되는 뷔페미즘 사상에 물들이고 세뇌시켜서 옳고 그른것도 판단못할 멍청이로 만들어버리려는 대단히 선동적인 메세지를 담고있는 여성이 여성스스로를 세상에서 멋지고 진취적이다라고 표현하는게 아닌 불행하고 피해의식에 가득찬 족속으로 만들어버리는 참 이해할수없는영화..이 영화에 공감된다면 세상탓 남탓하기전에 내탓은 없는지 본인이 지금 진정 평범한 삶속에 있는건지 고민해봐야함 "
"62","82년생 김지영","82년생 김지영우리나라 여자, 며느리.. 약자에 대한 국민수준을 그대로 보여주는 악플들..창피하다 진짜..니네 어머니들 얘기이기도 하다. 그만 좀 욕해라. "
"63","제인 도","제인 도"
"64","더 보이","더 보이올해 영화 탑텐 안에 들어가네 굿잡!! "
"65","82년생 김지영","82년생 김지영"
"66","82년생 김지영","82년생 김지영여자들 고생할까봐 결혼했지만 애낳자는 말 안합니다. 명절에도 와으프 일한다고 저혼자 갑니다. 서운해할까봐 용돈은 처갓댁에 더 보냅니다. 분란 없애려고 집안일 나눠서 합니다. 동등하게 사는 집도 많아요. 사회적인 차별이 남아 있다면 고쳐야죠. 참고로 남자들 징징거리는거 싫으면 모병제로 바꾸는게 우선일듯합니다. 군대간거 유세냐고 말하지는 맙시다. "
"67","조커","조커조커라는 캐릭터 자체에 10준다 "
"68","말레피센트 2","말레피센트 2진짜 너무재미있어요ㅜㅡㅜ졸리 너무이쁘고 진짜 지팡이가지고싶고 액션도좋고 아주그냥 최고 "
"69","82년생 김지영","82년생 김지영평점 조정해야함 9.5는 개뿔임 "
"70","다이 하드","다이 하드홍수처럼 넘처나는 비현실적인 슈퍼 히어로물속에 죽을힘을 다해 현실적으로 고생하며 살아가는 우리 시대의 현실적인 마초. "
"71","82년생 김지영","82년생 김지영‘나’란 존재는 누구인가. 누군가의 아내, 누군가의 엄마로써만 살아가야 하는 한 여성을 다룬 영화. 한국에서 여자로서 살아가야 하는 일반적인 현실이 반영되어있는 것도 사실이다. 너무 사실적이라 불편한 진실인것일까? "
"72","로켓맨","로켓맨엘튼 존의 인생에 대해 알고 나니 노래가 다시 들린다. 그 사람의 삶을 들여다봐야 진정한 음악을 들을 수 있겠구나 느꼈다. "
"73","82년생 김지영","82년생 김지영페미ㅉ페미ㅉ페미ㅉ페미ㅉ "
"74","82년생 김지영","82년생 김지영페미ㅉ페미ㅉ페미ㅉ페미ㅉ "
"75","82년생 김지영","82년생 김지영남녀갈등 조장하고 페미잔뜩묻은 어이없는 영화 "
"76","82년생 김지영","82년생 김지영억지로 300만 넘을려나? "
"77","선물","선물"
"78","마리안느와 마가렛","마리안느와 마가렛"
"79","82년생 김지영","82년생 김지영오랜만에 어머니 생각 와이프 생각하면서 많이 울었습니다좋은 영화 감사합니다 "
"80","82년생 김지영","82년생 김지영한국의 하이퍼리즘을 제대로 보여준 영화. 욕하기 전에 한 번 봤으면 좋겠다 "
"81","82년생 김지영","82년생 김지영친구가 따라 봤는데 재밌네요 "
"82","82년생 김지영","82년생 김지영"
"83","82년생 김지영","82년생 김지영나도 결혼전에는 이해 못하고 전혀 이해할 생각없는 그런 부류의 여자였으면. 결혼하고 보니. 지영이의 삶이 나랑 같다는걸 느꼈다  맞벌이는 당연하고 애도 낳아서 육아도 잘해야 하며 집안일도 척척잘해야 하고 등등등 결혼 안한 사람들은 절대 공감 못한다 우수게 소리로 시집가면 시금치도 안먹는다는 현실을  .... 결혼은 정말 현실인걸 알아야 한다. 결혼전에 내 삶은 자유와 낭만이었다면 결혼 후에 삶은 자유의 대한 동의와 정말 리얼현실인걸 ㅋㅋ 나는 결혼하고. 첫명절때 알아 버렸당 "
"84","82년생 김지영","82년생 김지영눈물 엄청 났네요 꼭 보세요 "
"85","82년생 김지영","82년생 김지영너무 한쪽으로 치우친 영화 살면서 본 영화중 가장 최악인 영화 "
"86","82년생 김지영","82년생 김지영내 이야기이기도 하고 우리엄마 이야기이기도 하고 내 주변 누군가의 이야기이기도 한 그런 영화. "
"87","타이타닉 2","타이타닉 2후.. 훌륭한 CG "
"88","82년생 김지영","82년생 김지영잔잔하게 흘러가는 이야기에 마음이 격하게 요동친다 "
"89","82년생 김지영","82년생 김지영남자들은 왜 이 영화가 재미없는거지?남자들이 함께 보면 참 좋을 영화인데..ㅠ페미니즘도 아닌데..이 영화를 와이프랑 여친이랑 함께 봐주는 남자들은 어쩜 이 영화가 필요없을지도.!강추합니다!여성분들은 꼭 티슈나 손수건요~ㅋ "
"90","판소리 복서","판소리 복서지일~지일~ 늘어지는 연출 "
"91","변신","변신정말.. 별로임..미스캐스팅에... 엉성.. "
"92","82년생 김지영","82년생 김지영마음이 저려 오는 영화입니다. 저는 남자, 올해 마블 영화보다 훨씬 좋았습니다. "
"93","82년생 김지영","82년생 김지영공산주의가  만들어낸  페미사상은  정신병이다 "
"94","82년생 김지영","82년생 김지영마지막장면인 카페에서 82년생 김지영 대사가 마음의 와닿았습니다. 굿 "
"95","타이타닉 2","타이타닉 22.22를 위하여 "
"96","82년생 김지영","82년생 김지영잘 만들었다 영화이기에 좀 극대화 한 것도 있지만 영화 잘 만들었다 "
"97","82년생 김지영","82년생 김지영쿵쾅쿵쾅 다 몰려왔네.. 보면 알거다? 봤는데 남자는 불쌍하고 여자는 답답하고.. 이게 뭔 스토리 "
"98","남한산성","남한산성진정한 '삶' 이란 무엇인가에 대해, 이념과 이념의 대립이 주는 긴장감이 흥미로웠습니다.누군가에겐 죽음이 진정한 삶의 완성이기도 하며,또 누군가에겐 살아감이, 견뎌냄이 진정한 삶이라는대립되는 두 이념이 창과 방패와 같습니다.삶에 대한 서로의 이념을 결과적으로 현실화 해버리기에 두 이념을 바탕으로한 완전한 삶이 완성되는 것이 아니었을까 생각해봅니다.  삶이란 무엇일까요.'살아감'일까요, '살아갈'일까요. 답이 없기에, 더욱 여운이 남습니다. "
"99","시크릿 슈퍼스타","시크릿 슈퍼스타아미르 칸 이름이 들어가면 믿고볼수있어요. 생각해볼점도 많고 노래도 가사도 너무 좋고...ㅜㅜ 상영관이 적어서 물어물어 찾아가봤는데 못봤으면 아쉬웠을거예요. 보람이 있어요. 인시아 엄마랑 행복하렴.... "
"100","82년생 김지영","82년생 김지영"
"101","카센타","카센타왜 카센터냐 소재가  OOO "
"102","조커","조커연기 너무 잘하네요 먹먹 슬픈영화 "
"103","82년생 김지영","82년생 김지영안봤지만 재밌습니다. "
"104","이모 더 뮤지컬","이모 더 뮤지컬"
"105","82년생 김지영","82년생 김지영"
"106","82년생 김지영","82년생 김지영"
"107","82년생 김지영","82년생 김지영별로 재미가 없네요 음. "
"108","양자물리학","양자물리학스토리 개연성에서 살짝 아쉬운감은 있는데 배우들 연기력으로 씹어먹습니다 흥행이 작품성에 못미친것 같아 아쉽네요 "
"109","조커","조커제 인생영화 극장서만 3번봄 "
"110","와일드 로즈","와일드 로즈와일드로즈가 와이즈로즈로 바뀌는과정.극중 어머니의 대사를 주목하길 "
"111","명량","명량주모 여기 국뽕한사발 말아주시오~~이게 영화냐 선동찌라시지 "
"112","곡성(哭聲)","곡성(哭聲)한국 영화중 이렇게 수준높은 영화 보기 힘들다 황정민 연기 최고 "
"113","82년생 김지영","82년생 김지영책을 무척 담담하게 읽은 사람으로... 영화를 보고 펑펑 울었다는 이야기를 듣고 궁금했다.  왜 울었을까???  나와 다름에도 불구하고 영화내내 울컥함이 올라오고 짠한 감동 스토리... 어디서 페미가 있는지 절대 찾을 수 없는 가족 영화.남자든 여자든...  가족, 내 주변인을 다시 한번 돌아봐주길..책보다 영화가 더 재미있는 경우는 처음이었다. "
"114","82년생 김지영","82년생 김지영82년생 김지영 천만 기원합니다!!! "
"115","82년생 김지영","82년생 김지영"
"116","82년생 김지영","82년생 김지영남편이랑 잘 봤습니다. 좋은 영화 감사합니다 "
"117","조커","조커초반에 좀 지루한듯 하지만 심하게 지루하진 않고 어느정도 긴장감은 유지하면서 흘러감후반부에 몰아침 "
"118","82년생 김지영","82년생 김지영"
"119","82년생 김지영","82년생 김지영저런 생각으로 절대 결혼 못한다. 그냥 페미로 사는게 정답이다. "
"120","82년생 김지영","82년생 김지영현실은 이보다 더하면 더했지 덜하진 않을거다. 그럼에도 존재자체가 소중한 영화 "
"121","82년생 김지영","82년생 김지영"
"122","퍼펙트맨","퍼펙트맨태어나서 본 영화중에 손에 꼽힐 정도로 웃김2번봤음 "
"123","82년생 김지영","82년생 김지영전반적으로 공감이지만 너무 극단적인 사례들만 사용되며 문제는 그것이 공공연하게 발생하는듯 일반화를 시켜 한국여성이 마치 다 저렇게 살아가는것처럼 풀어감..그나저나 대한민국 남성들의 고통은 무엇으로 위로받나.. 힘들다 나도 "
"124","82년생 김지영","82년생 김지영참고로 저는 남자입니다.페미니즘을 싫어할 수 있습니다. 분명 작금의 과격한 페미니즘에 동의할 수 없는 부분이 많으니까요. 하지만 그들의 과격한 행동에도 무언가 의미하는 것이 있을 것이라고 생각합니다. 따라서 그들의 목소리를 들어보고 그들이 어떤 것들을 겪었기에 지금과 같은 행동을 하는 것인가를 알아야한다고 생각합니다. 그런 점에서 이 영화는 양성 모두 불편함 없이, 과격하지 않게 여성의 고충을 잘 표현했다고 생각합니다. 어떤 면에서는 남성의 고충도 담고 있어요.많은 사람들이 평점에 영화를 제대로 보지 않고 평점을 다는 것이 조금 불편하네요. 당신들이 싫어하는 과격한 페미니즘과 당신의 모습이 지극히 닮은 것 같아 보입니다. 상대방의 의견에는 귀기울이지 않고 자신의 주장만이 옳다고 생각하는 그런 모습이요.저도 남자이고 제가 느끼기에 대한민국 사회는 여성만 극도로 밀어붙이는 사회는 아닙니다. 남성으로서 가지는 고충도 분명히 있습니다. 하지만 그렇다고 여성의 고충을 외면 해야한다는 이야기는 아니지 않을까요? 우리도 여성들의 고충에 귀기울이고 여성들도 남성의 고충에 귀 기울여야지요.우리나라 사회가 점점 양극화가 심해지며 혐오가 만연하는 사회가 되어가는 것 같아서 점차 그 사회에 뛰어들어야할 저는 조금 염려가 됩니다. 저는 과연 이 사회에 물들지 않을 수 있을지. 양극화와 혐오의 대상이자 가해자가 되지는 않을런지.그렇지 않기 위해선 우리 모두가 노력 해야겠지요. 읽어주셔서 감사합니다. "
"125","조커","조커상업영화인줄 알고 봤는데 예술영화웃으러 갔다가 심각하게 나왔다 "
"126","그것: 두 번째 이야기","그것: 두 번째 이야기등 신아..밀어... "
"127","82년생 김지영","82년생 김지영"
"128","안시성","안시성별로..액션신이 최고라고..? "
"129","테이큰","테이큰몇번봐도 개재밌음 포스개쩌는 아부지 "
"130","82년생 김지영","82년생 김지영모두가 알지만 아무도 몰랐던,이라는 카피라이트가 모든걸 말해준다.모두 피해자다. 지영이도 대현도, 지영이의 아빠도, 엄마도, 은영이도, 지석이도, 시어머니도, 회사 이사님도, 김팀장님도. 하지만, 눈과 귀를 막고 ‘이건 억지야!’라고 하는 순간 가해자가 된다.영화 내내 눈물이 났고. 무서웠다.김팀장님께 ‘저는 결혼하고도 계속 잘 할 수 있어요’라고 말하는 패기넘치는 지영의 모습이 지금 내 모습과 겹쳐보여서. 무섭다. 영화는 결국 해피엔딩이지만, 아이러니하게도 사회에서 바뀐건 하나도 없다. 다만, 지영이와 그 주변 인물이 소소하게 변했을뿐, 그래도 그정도도 지영이의 숨통을 틔여주기엔 충분했다. 우리부터, 차근차근 변해보자라는 나름의 소소한 희망을 가진 영화. 꼭 한번쯤 봤으면 좋겠다. "
"131","신문기자","신문기자경제뿐만 아니라 언론도 우리보다 30년앞섰네 이 영화를 조중동 윤짜장 나아베 담마진은 꼭 관람하도록 "
"132","82년생 김지영","82년생 김지영전국민이 봐야 할 영화 "
"133","조커","조커조커가 될 수밖에 없는 캐릭터를 수준 높은 연기력과 연출이 엄청났다. "
"134","82년생 김지영","82년생 김지영너무 현실이잖아요ㅠㅠ눈 퉁퉁 부어서 나왔어요ㅠㅠ "
"135","82년생 김지영","82년생 김지영와정말꼭보고십은영하여서그런대모미너무무거어서오또캐하다가몯가버렷어ㅠㅠㅠㅠ넘모슬퍼서일단십점주고보고나서십점꼭줄개! "
"136","82년생 김지영","82년생 김지영영화 보지도 않은 것들이나 여성 주연이라는 이유로, 떠들썩했던 페미니즘 소설 (페미니즘도 아니고 여자들이 겪어온 현실적인 부분에 대한 소설임) 82 년생 김지영의 영화라는 이유로 페미 페미 떠들어대지 영화 직접 봐 봐라 그런 소리가 나오나 ㅋㅋ 그리고 페미 페미 거리며 페미에 환멸하는 인간들은 성 차별 주의, 남성 우월 주의자인가 봄 제발 영화 본 사람들만 리뷰 남길 수 있게 했으면 담담하게 여성이 겪는 부분을 잘 표현한 영화 어머니나 애인과 함께 보면 좋을 것 같아요 "
"137","82년생 김지영","82년생 김지영이영화의 불편포인트는 82년생 이라는것과 90년대생 여자들이 공감을 한다는것이다. 62년생이다 72년생이라면 모두가 공감할것이다. 하지만 8090년대생 여자들은 오구오구우리딸세대이며 차별은커녕 사회적으로 온갖 특혜와 배려를 받으며 큰 세대이고 이걸 옆에서 보면서 큰 8090남자들은 어이가없는것이다. "
"138","82년생 김지영","82년생 김지영확실히 가부장제로 인한 여성의 피해는 없다고 말할수 없지만 빙의를 하지않나 남편이 부처이지않나..그것보다 김지영 어머니가 진짜 힘든어린시절여자이기에 포기할수밖에 없었던꿈 82년생이아닌60년생 ㅇㅇㅇ 이렇게 하고 그세대분들 상대로 영화를제작했었으면 하는바램입니다.그리고 또 남녀 대결구도를 피하려는 느낌이 나긴나네요. 근데 대체 어느의사가 기계가 다해주는데 손목이 왜아프냐고 말할까요? 커피 흘렸다고 맘충이라고 하던데 정말 뜬금없는 느낌이었습니다.확실히 애기 엄마분들께서 육아 굉장히 힘들게 하시는거 알고있는데 맘충이라는게 본인자식 귀한거 알면서 남자식 귀한줄 모르고 자기자식이 실례되는 행동을 했을때 사과안하고 우리애한테 왜그래요? 라고 오로지 자기자식 시선으로만 바라보는사람을 말하는데 이영화에서의  맘충표현 적절하지 않았던거같습니다.딱 그냥 영화제목대로 82년생 김지영 인거같네요그 누구도아닌 82년생 김지영. "
"139","캡틴 마블","캡틴 마블넘어져도 굴하지 않고 다시 일어나는 부분이 감동적이였습니다. "
"140","조커","조커정말 재밌게 봤습니다 가능하면 배트맨 트릴로지를 보고가세요! "
"141","82년생 김지영","82년생 김지영너무 극과 극을 달리는 평점에 나의 주관적이지만 객관적인 시각을 담고자 영화를 봤다. 우선 나의 평은 추천한다는 것이다. 이 영화를 통해서 감독이 이야기하고자 하는 내용은 현실을 살아가고 있는 우리들의 이야기가 아니었을까 싶다. 여자가 이만큼 힘드니 이해해줘가 아닌, 우리 곁에 있는 엄마, 누나, 언니, 여동생들이 어떤 삶을 살아왔고 살아갈 것인지에 대한 이야기 말이다. 남자들이 문제다가 아닌 그냥 현 시대를 살아가고 있는 사람의 이야기 말이다. "
"142","82년생 김지영","82년생 김지영영화도 안보고 공감도 못하면서 악플다는 남자들 지금 자신의 입장이거나 아직 성인이 되지못해 공감능력 이해력이 부족한 저능아 들이다 솔직히 공감능력이나 이해력이 조금이라도 있다면 이영화가 전하고자 하는 것을 이해 했을것이고 부모라면 공감을 했을 영화이다 난 남자입장으로 영화를보고 원작인 책까지 보고싶을정도로 공감이되었다 처음에는 부모님들의 마음이 더 공감이 되었지만 전체적으로 보았을때 82년생 김지영은 현실적인 한국 30대 여성의 삶을 나타내고 있는거 같다 악플다는 저능아는 손절하는것이 답으로 생각한다 "
"143","연가시","연가시김동완 연기 더럽게 못한다... "
"144","조커","조커히어로 물 역사상 최고의 연기와 연출이였다 "
"145","82년생 김지영","82년생 김지영여자로써 힘든건 다 사회탓 남아사상탓 빼애애애애액 "
"146","러브 액츄얼리","러브 액츄얼리2번이 뭐야 10번을 봐도. 아니 겨울이 오면 꼭 봐줘야하는 영화 ㅠㅠ 볼때마다 좋다 "
"147","82년생 김지영","82년생 김지영울다가 콧물 나왔다...꼭 보세요 진짜. "
"148","봉오동 전투","봉오동 전투· 특이사항 : 설치비 면제 "
"149","장사리 : 잊혀진 영웅들","장사리 : 잊혀진 영웅들· 특이사항 : 설치비 면제 "
"150","신의 한 수","신의 한 수결국 매번 싸울꺼면 매번 바둑은 왜두냐? "
"151","82년생 김지영","82년생 김지영이쯤되면 81년생 김철수 남자 이야기도 나와야하는거 아냐?  오히려 이딴 거지같은 영화가 남녀 이해는 커녕 혐오감만 유발시키는거 알제? "
"152","말레피센트 2","말레피센트 2"
"153","82년생 김지영","82년생 김지영저도 남자이지만, 영화를 보지도 않고 별점테러를 한다거나 비아냥거리는 태도는 잘못되었다고 생각합니다. 그렇지만, 한국 남자들은 조폭영화나 보란다거나, 찌질하다는 식의 일반화를 하게 된다면 남녀 간의 갈등이 보다 심각해지지 않을까요?예전 여성의 인권이 남성의 인권에 비해 보장받지 못한것도 맞지만, 그렇다고 남성의 인권을 낮추는 것 또한 맞지 않습니다. 남성, 여성의 인권 모두 더욱 존중받고 보장받아야 맞겠지요. 여성의 인권 향상을 지지하는 남성들도 있으나, 모든 남성분들을 나쁘게 표현하며 비하하는 행동은 좋지 않다고 생각합니다. 서로 존중하며 서로의 인권을 보장받을 수 있도록 노력하는것이 가장 올바르다고 생각합니다. "
"154","힘을 내요, 미스터 리","힘을 내요, 미스터 리감독도 그렇고 출연배우들도 그렇고 럭키랑 스타일적으로 너무 비슷하다. "
"155","82년생 김지영","82년생 김지영"
"156","82년생 김지영","82년생 김지영부부간에 같이보면 좋을 영화 ! "
"157","82년생 김지영","82년생 김지영"
"158","경계선","경계선찐러브는 내 자신이 누군지 알게 하고, 이전에 없던 자유를 경험하게 한다.그건 인간이나 크롤이나 같다. "
"159","82년생 김지영","82년생 김지영ㄵ "
"160","판소리 복서","판소리 복서평점조정이 필요하다! "
"161","82년생 김지영","82년생 김지영"
"162","가장 보통의 연애","가장 보통의 연애공감대 100% 보는 내내 미소가 가시지 않음 "
"163","조커","조커처음엔 이런 내용인줄 모르고 봤는데 보고나서 멍했던 영화,,,,연기 너무 잘해요 ㅠㅠ "
"164","토이 스토리 4","토이 스토리 4결말이 조금 아쉬웠지만 그래도 전체적으로 재밌었어서 좋았어용!! 포키졸귀 ㅠㅠㅠㅠ "
"165","맨 인 블랙: 인터내셔널","맨 인 블랙: 인터내셔널OOO라 쓰레기들아 ㅗㅗ "
"166","가장 보통의 연애","가장 보통의 연애누구나 한번 쯤 겪어야 할, 겪어야만 하는그렇고 그런 시간들에 관한 이야기.돌아가고 싶지는 않지만 행복하고 유치했던바로 그 시간들의 기억. "
"167","82년생 김지영","82년생 김지영이야기가 현실을 잘 반영한 영화였다.현실적이어서인지 드라마틱한 요소는 없었지만, 여성이라면 모두 동감할수있는 영화.그리고 여성이라면 누구든 거쳐야할 과정과 맞닥드려야할 감정들이라고 생각했다.. "
"168","82년생 김지영","82년생 김지영소문난 잔치에 먹을 게 없다더니.기대를 너무 했나? 마음과 정신이 아픈 김지영씨의 가족 부모 부부 자식의 얘기.1960년대나 아들아들했지. 요즘 누가 그런다고. "
"169","변신","변신나름 재밌게 봤어요. 평가나 평점이 너무 박한것 같아요 .. "
"170","타짜: 원 아이드 잭","타짜: 원 아이드 잭6점대 수준은 아닌거 같은데 "
"171","82년생 김지영","82년생 김지영영화는 남자든 여자든 각자 주어진 상황에서  공감을 원하고 소통을 원하는데..왜들 편가르기를 하는지 도통ㅇㅣ해가 되질않는다.너무 잘만든 영화.알아서 생각하고 위로받고 공감하면 될꺼같다. "
"172","기생충","기생충예전 모 정치인이 말하던 이부망천을 관통하는 지하철 1호선.. 그리고 영화속 배우들이 언급하는 지하철 냄세, 일맥상통하는 것 같아 가슴 아프다. "
"173","말레피센트 2","말레피센트 2크게 기대하지 않고 보러가서인지 정말 재미있게 봤습니다. 볼까말까 망설였는데 보길 잘했어요. "
"174","82년생 김지영","82년생 김지영여자라서 고통받은건 그 윗세대들일텐데 80년생들이 찡찡대고 많이본건 꿀 빨만큼 빠는 20대생이 제일 많이봄 ㅋㅋㅋㅋ 역겹다 진짜 "
"175","82년생 김지영","82년생 김지영일단 둥이자매를 키우고 있는 30대 중반을 향하고 있는 남성입니다.솔직하게 평하겠습니다.아이들을 키우고 있는 여성,남성에게는 공감할 수 있는 영화입니다. 딱 거기까지 인 것 같습니다..액션, 재미 등 영화를 원하시는 분들은 안보시는게 좋습니다.평점 9점 후반대는 조금 인정 못하겠습니다.(개인적인) "
"176","시베리아","시베리아내용을 이해할수가 없어요 "
"177","청년경찰","청년경찰"
"178","고골: 악령과의 전쟁","고골: 악령과의 전쟁별 한개도 아깝다.... "
"179","82년생 김지영","82년생 김지영신랑이랑같이봐야할 영화. "
"180","브이아이피","브이아이피이영화 잔인한거만 빼고는 잘만들었음...한국영화에서 색다른 시도..평점 왜이러지? "
"181","반지의 제왕: 반지 원정대","반지의 제왕: 반지 원정대감히 제가 평점을...살아생전 이 영화를 보게 해주셔서 제가 영광입니다 "
"182","82년생 김지영","82년생 김지영잘보고갑니다. 따뜻한 영화였어요. "
"183","82년생 김지영","82년생 김지영"
"184","시네마 천국","시네마 천국안본사람은있어도,한번만본사람은 없을듯하다 "
"185","82년생 김지영","82년생 김지영위로가 되는 영화였어요 잘봤습니다 "
"186","82년생 김지영","82년생 김지영"
"187","82년생 김지영","82년생 김지영뭐 하나 유난하게 그린 내용이 없다. 우리가 겪고, 그렇게 살고 있다고 말하는 것뿐이다. "
"188","82년생 김지영","82년생 김지영과장없이 현실적이다. 휴지라도 들고갈 껄 후회한다.. "
"189","조커","조커범죄조직이 왜 생기는지 이해했다 "
"190","베이직","베이직러닝타임을 조금더 늘려서라도 좀만더 친절했으면 어땠을까? "
"191","남과 여","남과 여"
"192","82년생 김지영","82년생 김지영같은여자로서 너무나공감되고 지금저에처지랑너무 똑같아서 울면서봤네요 "
"193","82년생 김지영","82년생 김지영"
"194","지금, 만나러 갑니다","지금, 만나러 갑니다이걸 왜 이제야 봐서 .. "
"195","82년생 김지영","82년생 김지영"
"196","버티고","버티고뭘 말하려고 한건지 전혀 이해를 못하겠다..왜 감독이 러브픽션 이후로 연출은 안한지 알수 있었다. "
"197","82년생 김지영","82년생 김지영"
"198","82년생 김지영","82년생 김지영1 "
"199","엑시트","엑시트한국 영화는 발전이 없냐 "
"200","82년생 김지영","82년생 김지영엄마, 남동생이랑 보고 왔습니다. 웃음 포인트도 공감 포인트도 많았고 배우분들의 연기도 좋았습니다. 셋 다 눈물 찍어가며 봤네요. 잔잔하고 따뜻한 힐링영화 였습니다. "
"201","82년생 김지영","82년생 김지영여자친구와 실제 관람하고 온 후기입니다.소설보단 덜 자극적이게 담담하게 묘사하고 있습니다. 남녀 대결구조를 최대한 안보이려고 묘사한 흔적이 보입니다.(맘충이라며 까는 회사원들에 남자 여자를 섞어놨다던지) 남편도 상당히 배려있고 아내를 사랑하도록 설정되어있어 공유와 정유미가 잘 어울렸습니다. 영화 자체의 오락성은 없습니다. 배경음악도 없고 카메라 기법도 거의 없습니다. 억지로 넣은 개그요소로 몇몇사람들이 웃긴했는데 갈등 상황 중에 넣은 것이라 무리수 같았습니다.시종일관 고구마를 먹는 느낌입니다. 현실이 이렇지만 그것을 당하고 살아야만 하는 정유미로 나오면서 참아야만 했던 세대들의 마음을 제대로 보여주고 있습니다.시원한 해결을 기대하는 사람은 답답할 수 있습니다.역지사지의 마음을 가질 수 있는 영화입니다. 여자는 성희롱, 독박육아, 남아선호사상, 경력단절에 대한 고통이 있고, 남자는 국방의 의무, 가장의 책임, 무고죄 등에 고통이 있습니다. 저마다 다른 부분에서 어려움이 있는데 누구 고통이 더 크냐 작냐로 서로를 폄하하고 고통을 깍아내리지 말고 이해하는 것부터 시작했으면 좋겠습니다. 이 82년생 김지영은 그 첫걸음으로 좋은 영화입니다. "
"202","82년생 김지영","82년생 김지영엄마가 생각났다. 내가 생각났다. 내 친구가 생각났다. "
"203","82년생 김지영","82년생 김지영난 남잔데 보기전에 페미 어쩌고 저쩌고 소리들었는데 무슨ㅡㅡ우리 엄마이야기고 내 아내 이야기이고 내딸 이야기, 우리 가족 이야기인데 이상한 소리하는 애들은 정신과 치료가 필요함. "
"204","82년생 김지영","82년생 김지영보는내내 얼마나 공감이 되던지.. 배우들의 탄탄한 연기력 덕분에 더 몰입이 되었네요. 아직 못 보신 분들은 꼭 보시길요 "
"205","82년생 김지영","82년생 김지영전체적으로 내용이 별로다. "
"206","조커","조커너무 감명깊게 본 내 인생명작 "
"207","82년생 김지영","82년생 김지영최고다 김지영! 이 영화보는 내내 울었음! 이 영화 천만영화되길! 대박 나야하는 영화! "
"208","클레멘타인","클레멘타인전직 조폭입니다.이 영화를 보고 지난 과거에 후회와 참회의 눈물을 흘렸습니다.지금은 목사가 되어 성실하게 살아가고 있습니다.클레멘타인 참다운 인생을 살기위한 필수영화입니다. "
"209","82년생 김지영","82년생 김지영0점은 못 주나여?ㅠㅠ "
"210","82년생 김지영","82년생 김지영"
"211","가장 보통의 연애","가장 보통의 연애보면 잠드는 신기한 수면영화 "
"212","82년생 김지영","82년생 김지영우선 난 여자고 중립적인 생각을 가진 사람임. 영화 보기 전 드는 생각은 왜 남자의 삶을 토대로 한 영화들은 많은데 왜 여자의 삶을 그린 영화는 별로 없으며 이 영화는 왜 이렇게 욕을 먹는걸까? 이렇게까지 분쟁해야 하나 싶었고 난 여자인지라 열린 마음으로 봤음. 근데 내용이 너무 편향적이어서 남자들의 반감을 사기 충분함. 여자인 나도 보기에 민망했음. 너무 대놓고 힘들다 쥐어짜는 느낌이랄까? 안 힘든 사람이 어딨어..; 그걸 스토리로 풀어내야 남자들도 이해하지.... 너무 대놓고 징징거리는 느낌이라 남자가 알아주었으면 하는 의도로 제작된 영화라면 실패라는 생각이 들었음. 차라리 영화 내내 여자로서 힘든것들을 간소화 해서 보여주고 뒷내용은 여자 워커홀릭에 남자 주부로 가지ㅋㅋ "
"213","연애의 목적","연애의 목적기대하고 이제야 봤는데 개실망..나도 연애고 사랑 해볼만큼 해봣는데 딱 내가 방황하고 철없을때 했던 사랑이랑 비슷하네 당시에는 그게 진짜 사랑이라느꼈는데 나이먹고 보니 이불킥감..사랑도 성숙해야 한다 "
"214","82년생 김지영","82년생 김지영겪어보지 않는이상 무뎌지게 되는 우리가 몰랐던 앞으로 알아야 할 이야기 "
"215","82년생 김지영","82년생 김지영전혀 공감 안될 스토리. 주위에 이거 보잔 여자 있으면 손절 추천 "
"216","82년생 김지영","82년생 김지영모두가 알지만 아무도 몰랐던 당신과 나의 이야기 "
"217","광대들: 풍문조작단","광대들: 풍문조작단손현주, 박희순이 그리 열심히 연기하고, 조진웅도 영화 한편을 이끌어가기 모자람 없다. 팩션사극을 표방한 내용과 아이디어도 흥미롭다. 그런데도 재미없다면 감독잘못 아닌가? "
"218","너를 만난 여름","너를 만난 여름캐스팅이 다했네요~ 물론 스토리도 좋았습니다^^ "
"219","82년생 김지영","82년생 김지영엄마가 보고싶어지네요.. "
"220","82년생 김지영","82년생 김지영엄마 생각나서 광광 울었어 "
"221","82년생 김지영","82년생 김지영아무생각없이 단지 페미니즘도서의 영화화라는 이유로 평점주는 사람들 참 마음이 못났다. 이 영화는 여성주의나 남성혐오를 말하는것도아니고 단지 현실을 보여줄뿐인데 불편해하는사람이 왜이렇게많지? 집에가봐, 82년생김지영 이거 당신들 부모님이야기야 "
"222","조커","조커자기에게 맞는 삶을 살아야하는 것 같다 "
"223","82년생 김지영","82년생 김지영공감되고 한국사회가 바뀌었으면 좋겠다 "
"224","라이언 일병 구하기","라이언 일병 구하기"
"225","람보 : 라스트 워","람보 : 라스트 워스탤론 형님 정말 감사하고 존경합니다. 오래오래 사세요 "
"226","82년생 김지영","82년생 김지영대한민국에 이렇게 골빈어린것들이 천지삐까리다 ㅋㅋ "
"227","선물","선물마음 따뜻해지는 영화였어요! 배우들의 합이 보기 좋습니다 !! "
"228","전설의 라이타","전설의 라이타잘봤습니다 영화 "
"229","82년생 김지영","82년생 김지영"
"230","82년생 김지영","82년생 김지영전 90년생이라서 크게 공감되진않았어요그렇게 심한 차별과 대우를 받았던세대는 아니었던것같아요 윗 세대들의 애환 다시한번 느낄수있었습니다... "
"231","들개","들개금이 갈듯 말듯 얇은 유리처럼 위태롭고 예민한 변요한 연기가 압권. 보는 내가 정신적으로 힘들어질만큼 "
"232","82년생 김지영","82년생 김지영조커는 망상이라는 걸 알려주는 데 이 영화는 알려주지 않네요.. 이 영화에 공감하는 분들은 망상장애가 있진 않으신지 정신과를 방문해보셨으면 좋겠어요. "
"233","82년생 김지영","82년생 김지영별로 와닿지는 않았음역시 취향차이인가 "
"234","82년생 김지영","82년생 김지영와 페미영화;;진짜 ㅋㅋ "
"235","조커","조커최고의....영화....ㅜㅜ "
"236","약장수","약장수찐특) 1절못하고 뇌절함 "
"237","82년생 김지영","82년생 김지영"
"238","82년생 김지영","82년생 김지영"
"239","82년생 김지영","82년생 김지영"
"240","82년생 김지영","82년생 김지영"
"241","82년생 김지영","82년생 김지영"
"242","82년생 김지영","82년생 김지영남녀의 대결구도가 아니라 소시오패스 vs 공감할 줄 아는 인간이 누구인지 알 수 있게 해주는 영화 "
"243","47미터 2","47미터 2요 며칠 댓글단 사람중 절반이상은 불법다운으로 본 주제에 참 영화가 어쩌구 저쩌구 말많네 ㅎㅎ "
"244","82년생 김지영","82년생 김지영최소 11반 "
"245","비긴 어게인","비긴 어게인인생은 여주의 마지막 선택처럼. "
"246","82년생 김지영","82년생 김지영영화 리뷰남겨보는 거 거의처음이네요 영화보는 내내 너무 공감하면서 감정이입해서 봤습니다. 정말 잘봤습니다! "
"247","82년생 김지영","82년생 김지영한국 가정의 어두운 모습을 보는 것 같아 씁쓸하고 이런 스토리에 사회적 공감이 많은 점에 마음이 무겁다. 다만 이런 집안에서 자라오고 이런 가정 분위기가 아니어서 개인적으로 공감은 안 간다. (난 육아를 맡아 하는 사람^^) 특히 육아나 결혼생활을 왜곡시키고 있는 점은 막장 드라마를 보는 것 같아 눈살을 찌푸리게 한다. 물론 실제 이런 집구석이 있겠거니 생각하면서도...여러 매체에서 중요하게 다루듯 사회적인 무게가 있는 영화라는 점에서 그 역기능에 대한 사회적 책임도 있어야 하지 않을까 한다. "
"248","퍼펙트맨","퍼펙트맨"
"249","원스 어폰 어 타임... 인 할리우드","원스 어폰 어 타임... 인 할리우드흠 두남자배우의 연기력은 최고! "
"250","82년생 김지영","82년생 김지영ㅠㅠ "
"251","롱 샷","롱 샷흥미 유지하며 나름 시간순삭해서, 재밌게본 외국영화^^ "
"252","선물","선물짧은 영화에 많은 의미를 닮고 진지하지만 가볍지않게 다룬 연출과 연기 그리고 코믹도 더했으며 배우분들의 어색하지 않은 연기가 있어 재밌었습니다 앞으로도 좋은 활동 많이 기대하겠습니다! "
"253","퍼펙트맨","퍼펙트맨진짜 재밌네요!!!! "
"254","말레피센트 2","말레피센트 2일단 진짜 스토리 개연성은 1편보다 엉망이네요..갑자기 막 잘 가다가 예전엔 이런게 있었다 그런느낌?..한국오락영화보는 비급 영화같은 느낌이네요1편이 제일 재밌었어요 ㅠ "
"255","나랏말싸미","나랏말싸미영어 제목은 또 왜 king's letter냐? 스님 혼자 다 만들던데 monk's letter로 해야 맞는 거 아니야?ㅋㅋ "
"256","82년생 김지영","82년생 김지영이 영화는 논란거리가 될 영화가 아니다. "
"257","82년생 김지영","82년생 김지영"
"258","선물","선물"
"259","좀비랜드: 더블 탭","좀비랜드: 더블 탭엄청 웃겼고 여전히 병맛이네요.해외에서 봤는데 역시 재밌네요.근데 아비게일(동생) 너무 살이 많이 쪘네요.. "
"260","82년생 김지영","82년생 김지영개인적으로 공감되지 않는 내용이 대부분이고, 이내용으로 모든 것을 일반화를 시키는 요즘 분위기가 별로라고 생각된다. "
"261","82년생 김지영","82년생 김지영오열하면서 봤습니다. 모든 여성분들에게 공감 뿐만 아니라 위로가 되었으면 좋겠네요. "
"262","고스트 앤 다크니스","고스트 앤 다크니스몇번 다시봐도 명작 발킬머리즈시절 "
"263","82년생 김지영","82년생 김지영내가 본 영화중에 최고, 다시 한번 보고싶다 "
"264","기생충","기생충말이 필요없는 이시대 최고의 영화~~오늘을 사는 우리를 스크린으로 그대로 옮겨놓았다~봉준호 송강호의 완벽한 조화찬사를 보낸다 "
"265","부당거래","부당거래"
"266","82년생 김지영","82년생 김지영엄마 생각에 눈물을 펑펑 쏟았음 내용도 연기도 완벽 "
"267","82년생 김지영","82년생 김지영오늘 엄마랑영화보는데 보는내내눈물흘렸네요ㅜㅜ얼마나공감이가던지....다시한번더보고싶은영화네요 "
"268","더 킹: 헨리 5세","더 킹: 헨리 5세묵직하게 끌어가는 연출과 진중하게 이를 뒷받침하는 배우들의 연기가 조화를 이뤄 그야말로 작품을 완성한 느낌..지루할만도 하건만 중세의 오마주는 늘상 향수어린 색채를 눈에 바르는 듯하고 새초롬했던 청소년 티모시는 어느새 고독한 군주 헨리5세로 완벽하게 군림하고 잇었다...너무 나 좋았던 영화~~얼른 한번 더 봐야겠다~~~ "
"269","82년생 김지영","82년생 김지영전 남자입니다.재미있어요..공감되는 부분도 있었지만 공감안되는 부분도 있었습니다.영화는 영화로만 봐주세요..추천합니다. "
"270","82년생 김지영","82년생 김지영도대체 어디가 점수를 높게줄 포인트인가 "
"271","82년생 김지영","82년생 김지영"
"272","배트맨 비긴즈","배트맨 비긴즈다시 보기 힘들 명작 수작이 아니라 명작임 마스터피스! "
"273","82년생 김지영","82년생 김지영"
"274","82년생 김지영","82년생 김지영왜 욕먹는지 모르겠고...그냥 보는 내내 가슴이 먹먹이게 왜 있을 수 없는 일인지?가까운 곳에서 볼 수 있는 환경 아닌가..물론 몇몇 장면은 아니라고 생각하지만육아휴직 남자도 쓸 수 있도록 배려 되는사회가 되야 된다고 생각했...그래야서로서로 누구의 엄마 아빠로서의 삶만이 아니라 나로써의 삶도 존중 되어지는거니솔직히 남자가 육아휴직 쓴다고 하면 회사에서 나가라고 하는거 맞음 그래서 어쩔수 없이 남자가 다니고 여자는 육아휴직을 쓸 수 밖에 없는 상황 그래서 이건 남자 여자의 문제가 아니라 우리나라 근무 환경의 문제. "
"275","양자물리학","양자물리학재미나게 잘 봤네요...적절한 유머와 긴장감...연출 연기 다 좋았습니다. "
"276","82년생 김지영","82년생 김지영잔잔하고 담담한 영화에요..대한민국에서 딸로 태어나 누구에게나 있을 수 있는 일들을 담은 스토리였어요. 너무나도 현실적인 이야기에 가슴아픈 영화이면서도 공감할 수 있는 부분이 있어 좋았습니다. "
"277","82년생 김지영","82년생 김지영기대가 너무 커서 그런지 기대만큼은 아니었어요스토리에 억지스러운것도 좀있고했지만 그래도 적당히 괜찮았어요~ "
"278","82년생 김지영","82년생 김지영별롭니다... 참....ㅠ "
"279","82년생 김지영","82년생 김지영솔직히 평점 개오바.... "
"280","82년생 김지영","82년생 김지영최악의 영화.다신 보고싶지않다 "
"281","82년생 김지영","82년생 김지영그냥 웃음밖에 안나왔다 정신ㅂㅈ와 평범한 남편의 이야기ㅋㅋㅋㅋ "
"282","82년생 김지영","82년생 김지영자기 남편만 착하고 그외 다 나쁜놈들현실은 자기가 아들 낳고 아들 며느리 오면 똑같이 함계속 대사에서 ""딸이 최고다"" 만 계속 나옴한쪽으로 너무 취우침 "
"283","82년생 김지영","82년생 김지영꼭 보시길 추천합니다ㅠ   올해최고영화!! "
"284","82년생 김지영","82년생 김지영공유같은 남편 ㅠㅠㅠ 어디없나요 "
"285","데이브레이커스","데이브레이커스정말 신선한데 진짜 피폐해진다 별로 다시 보고 싶진 않은... 재미는 있다 "
"286","다이빙벨 그후","다이빙벨 그후저질 쓰레기 영화 좌빨들의 민낯을 보여주는 영화 "
"287","82년생 김지영","82년생 김지영우리 모두의 이야기. 누군가 위로가 되었고 자각이 되었다면 그걸로 이미 좋은 영화인 거 같아요. "
"288","82년생 김지영","82년생 김지영니들도 왜인지 알지?ㅋㅋㅋ "
"289","82년생 김지영","82년생 김지영남편과 같이 봤어요.호불호가 갈린다는 소리가 있던데..하던 남편도 그소문이 말이 안된다고 하네요. "
"290","나는 내일, 어제의 너와 만난다","나는 내일, 어제의 너와 만난다"
"291","82년생 김지영","82년생 김지영"
"292","트롤 사냥꾼","트롤 사냥꾼괜춘한디 난 연출이 말이야 "
"293","82년생 김지영","82년생 김지영이 사회를 살아가는 사람들이라면 누구나 최소 한 장면에서는 강렬한 기시감을 느낄 것이다. 전혀 아니라고 주장하는 사람들은 치매센터에 가서 인지검사를 받아보자 "
"294","82년생 김지영","82년생 김지영하이퍼리얼리즘 우리 절반의 이야기 "
"295","82년생 김지영","82년생 김지영이건 무슨... 와 진짜 대단한 영화네 ㅋㅋ "
"296","82년생 김지영","82년생 김지영너무 편향적인 영화입니다. 82년생은 공감할수도있지만 00년생들이 공감하는건 말도안됨 "
"297","82년생 김지영","82년생 김지영영화에서 공감안되는 이야기가 많다고 비판이 많지만 78년생 여자로서 어릴적에는 딸이라는 이유로 남동생과 차별대우 받고 여자가 공부해서 벼슬할거냐는 소리는 귀에 못이 박히도록 들었으며 안동 손귀한 집안 며느리로 딸 둘낳고 내가 복이 없어 그렇다는 소리에 명절이며 제사며 남자들은 TV보며 뒹굴뒹굴 아기업고 전부치며 울었던 적이 많았어요~정말 대한민국의 딸이자 아내이자 어머니로서 너무 공감된다. "
"298","82년생 김지영","82년생 김지영엄마 아빠와 함께 영화를 보았고, 영화를 보면서 내 주변의 수많은 사람들의 사연이 스쳐지나가면서 여러가지 생각이 들게해주는 영화였다. "
"299","82년생 김지영","82년생 김지영제 미래를 본 기분이었어요.. 너무 현실적인 영화입니다. 보는 내내 엄마 생각이 났네요.. 여자라면 꼭 봤으면 하는 영화에요. "
"300","82년생 김지영","82년생 김지영관람객 9.53 네티즌 6.35 남자들이 잘못했다는 내용이 아니에요! 제발 보고 평가합시다,, 당신의엄마, 할머니 그리고 지금 이 시대 엄마들에 대한 이야기입니다. 이 기회에 엄마랑 같이 영화 한 편 보러 가는거 어떠세요? "
"301","82년생 김지영","82년생 김지영스포일러 포함 누르면 별점 1점 보임 ㅇㅇ "
"302","82년생 김지영","82년생 김지영책을 먼저 읽고 영화를 봤습니다. 새로운 도전인 주제이고 이런 영화가 많이 나와서 조금씩 사회가 변했음 좋겠습니다. "
"303","람보 : 라스트 워","람보 : 라스트 워나홀로 집에 성인판 매운맛왜 람보라는 이름을 달고 나왓는가.. "
"304","82년생 김지영","82년생 김지영매 장면 전환마다 눈물이 난 영화는 처음이었다. "
"305","82년생 김지영","82년생 김지영82kg 그녀들의 유쾌한 발란이 시작된다 "
"306","82년생 김지영","82년생 김지영김지영이 나를 잃어가는 과정이 너무 슬펐다.치료를 하면 나아지겠지? 하는 부분에서 꽉 막힌 듯한 기분이 들었고 갑갑함을 느꼈다. "
"307","82년생 김지영","82년생 김지영ㅋㅋ저기 평점높이준 애들중에 영화관련 이야기한애없지ㅋㅋㅋ 그냥 그쪽애들이 영화도안보고 점수주는건데 본입장으로써 OOO기영화 "
"308","람보 : 라스트 워","람보 : 라스트 워추억이 되살아났다...끝! "
"309","뺑반","뺑반생각보단 재밌던데?걍 시간 죽이기 좋은정도..조정석의 악역도 신선했고 류준열도 선방했고..공효진이 주연이라 안봤었는데 역시나 발전없는 한결같은 연기..역할이 형사가 맞나싶게 뭔 멋을 잔뜩 부리고 나오고..패셔니스타의 모습은 영화 밖에서나 보여주시길..2편도 나올 예정인것 같은데 걍 류준열 중심으로 가시는게 어떨지 "
"310","82년생 김지영","82년생 김지영우리들의 일상에 젖어 있는 이야기 입니다. 다시한번 내 아내를 생각하게 되는 이야기 입니다. "
"311","82년생 김지영","82년생 김지영페미의 문제가아닌,  우리 사회에서 여성을 바라보는 시선의 문제.. "
"312","말레피센트 2","말레피센트 2다른게 있을줄 알았는데 지루한 스토리... "
"313","82년생 김지영","82년생 김지영쿵쾅쿵쾅 "
"314","82년생 김지영","82년생 김지영의무는 하지 않고 권리만 찾는  한국형 페미들이 열광할 정신교육적인 영화. "
"315","82년생 김지영","82년생 김지영한 성별에 대해서 그려냈다기 보다는 지금 현실에서 일어나고 있는 일들을 정말 사실적으로 잘 그려낸 작품인 거 같네요. 조금이나마 이 영화에 편견을 가지고 있던 제 자신을 반성하게 해주는 작품이었습니다. "
"316","82년생 김지영","82년생 김지영여자이지만 공감이 되는 부분도 있고 아닌 부분도 있었지만 한번쯤 볼만한 영화라고 생각합니다.영화 보는 내내 너무 울어서 머리가 띵할 정도였어요ㅠㅠ안보신 분들은 꼭 보셨으면 좋겠고 페미니 뭐니 하는 사람들은 이해가 안가네요.. "
"317","82년생 김지영","82년생 김지영정유미의 연기 하나하나에 무엇을 표현하는지 공감이 되는 영화였습니다. OST나 배경, 베란다에서의 지영의 감정, 대사로 표현하지 않는 부분들 마저도 모두 이해가 되는 영화였습니다. 이영화의 평점이 갈리는 이유는 공감형성이 되느냐 안되느냐의 문제인 것 같습니다. 실제로 지영의 삶을 겪어보지 못한 관객들은 지루함을 느낄수 밖에 없겠지만, 이시대의 지영이들을 생각해봐줄수도 있는 영화였으면 좋겠다는 생각이 들었어요. 6살 2살 아이를 키우고 있는 워킹맘인 제입장에서는 매우 공감이 되었고, 심지어 남편도 보면서 마음아파하며 눈물을 흘린 영화였습니다. 저와 남편이 겪었던 부분이 함축되어있는 부분도 있었고, 해결해 나가는 과정에서 배운점도 있었어요. 영화를 보고 남편과 식사를 하면서 영화에 대해 서로의 생각을 이야기 하면서 더 좋은 방향을 찾게 된거 같아 보길 잘했다는 생각이 들었습니다. 성별과 위치에 있어서 잣대를 두지 않고 감상하신다면, 좋은 평점을 받을 수 있는 영화라고 생각합니다.다만, 스토리 설정에 있어서 조금 의아하거나, 과장된 부분과 축소된 부분들이 아쉬운 부분이 있었던건 사실입니다.좋은영화 만들어 주셔서 감사합니다. "
"318","터미네이터 2:오리지널","터미네이터 2:오리지널다시봐도꿀잼 ㅋㅋ ㅋ ㅋ "
"319","첫잔처럼","첫잔처럼라면이 급땡기게 만드는 영화 영상미가 너무 좋아요 ㅜㅜ "
"320","82년생 김지영","82년생 김지영20~30대 여성은 공감하기 힘든 내용이지만 50~60년생 어머니들은 충분히 공감하고 와닿는 이야기네요. "
"321","82년생 김지영","82년생 김지영"
"322","82년생 김지영","82년생 김지영첫장면 시작과 함께 울기 시작했네요.신랑 얘기로는 영화반을 울고 있더라는..내 얘기 같아 엄청 몰입하고 보고 울고 웃고..아줌마끼리 보기보다는 신랑이랑 함께 보며 소통의 시간을 만들어보는 것도 의미있을 것 같아요 "
"323","82년생 김지영","82년생 김지영페미라는 정치적 프레임에 논란된 영화. 그런 시각이 아닌 이 시대에 살아가는 사람으로서 감동적인, 현실적인 영화. 곁에 있는 내 엄마가 생각나는 영화. 엄마라는 존재가 매우 대단하다. "
"324","영웅본색","영웅본색몇 차례를 봐도 인정하지 않을 수가 없네 "
"325","82년생 김지영","82년생 김지영52년 우리어머니 세대들이 보시고 어이없어하세요 "
"326","82년생 김지영","82년생 김지영"
"327","82년생 김지영","82년생 김지영82년생 여자고, 두 아이의 엄마입니다. 그냥 봤는데... 보는 내내 가슴이 아렸어요. 지금의 저와 너무나 많이 닮은 김지영을 보면서... 눈물이 났어요. 82년생 여자,, 현재 결혼해서 아이를 키우는 엄마라면 공감할수있는... 남편과 같이 보면 좋을것 같아요. 잘봤습니다. "
"328","82년생 김지영","82년생 김지영아무리 영화라지많 도저히 매우 ""보편적""이라는 삶이 아니다. "
"329","82년생 김지영","82년생 김지영현실적인 너무나도 현실적인... "
"330","82년생 김지영","82년생 김지영82년생 남자가 cgv vip의 명예를 걸고 감히 올해 최고의 영화라 평합니다 "
"331","82년생 김지영","82년생 김지영"
"332","82년생 김지영","82년생 김지영별점 0개안되나? 있지도않은 허구를 만드네. 뭐가 공감된다는 영화냐? 쿵쾅이들 다 나가죽었으면. "
"333","퍼펙트 호스트","퍼펙트 호스트큰 긴장감, 큰 반전 등은 없는데 보면서 '이런 영화도 있네' 하며 참신했다. 꼬이고 꼬인 불쌍한 강도의 상황과 대조되는 여유로운 표정 가득한 집주인의 소름끼치는 성격과 그 표현이 흥미로워서 끝까지 잘 봤다. 마지막 집주인 직업에 대한 개연성이 아쉽긴하지만..그래도 요즘은 이렇게 독특한 내용 잘 없는데 좋았다. 포스터도 그렇고 굳이 반전영화라고 생각안하고 보는 게 더 재미있을 듯. "
"334","82년생 김지영","82년생 김지영시대를 역행하는 영화 개탄스럽다 "
"335","82년생 김지영","82년생 김지영여자들보다는 남자들이 더 보면 좋을 것 같아요 "
"336","82년생 김지영","82년생 김지영우리 모두의 이야기는 아닐 수 있다. 그러나 내가 겪지 않았다고 해서 누군가의 이야기가 없는 이야기가 되는 것은 아니다. "
"337","82년생 김지영","82년생 김지영너무ㅈ한쪽으로치우쳐져 팩트가많이가려진한국식페미영화 "
"338","82년생 김지영","82년생 김지영여자의 삶과 남자의 삶 요즈음 한번쯤 인생 돌아보게되는 영화입니다 "
"339","82년생 김지영","82년생 김지영영화가 작가가 이야기하고 싶어하는 의도는 충분히 전달되었다 "
"340","82년생 김지영","82년생 김지영알바들이 넘 많은거 같은데용 "
"341","82년생 김지영","82년생 김지영"
"342","82년생 김지영","82년생 김지영여성이 다수인 시나리오 작가, 드라마 작가, 예능 작가가 여성을 피해자화시키고 미화시킴. 일과시간에 근처 체육시설에만 가보면 얼마나 남자만 불쌍한지 알게됨 "
"343","타짜: 원 아이드 잭","타짜: 원 아이드 잭스토리는 조금 아쉽지만배우들 연기력이 탄탄해서 좋았습니다.특히 박정민배우의 새로운 매력을 알게되었네용 "
"344","힘을 내요, 미스터 리","힘을 내요, 미스터 리이런 영화가 많아졋으면 좋겟네요 이상한거좀 만들지말고 이렇게좀 만들어줘요 "
"345","82년생 김지영","82년생 김지영공감되구 슬퍼요..영화로 잘 나온거같아요 "
"346","고교 얄개","고교 얄개어릴적 유선방송에서 봤던 기억. 무언가 촌스러우면서도 재밌었다. "
"347","82년생 김지영","82년생 김지영군대나가라 쿵쾅이들아 "
"348","알리타: 배틀 엔젤","알리타: 배틀 엔젤뒤늦게 봤는데 이정도 평점받을 영화는 절대 아님. 오락용으로는 충분하지만 개연성에 민감한 사람은 답답 할 겁니다. "
"349","내 사랑 동키호테","내 사랑 동키호테전편보다 못하지만 재미있었음. "
"350","82년생 김지영","82년생 김지영프레임에 갖혀 이런 수작이 묻히는 일은 없었으면 좋겠네요 82년생 김지영을 보고 눈물을 쏟지 않는 대한민국 아직 멀었네요 "
"351","죽은 시인의 사회","죽은 시인의 사회"
"352","82년생 김지영","82년생 김지영남자친구랑 같이 봤는데 둘 다 펑펑 울고 나왔네요미래를 함께 할 사람과 같이 보면 좋은 영화~ "
"353","82년생 김지영","82년생 김지영모든 사람들이 꼭 봤으면 좋겠습니다.정말 잘만들고 현실적인 영화. "
"354","82년생 김지영","82년생 김지영"
"355","조커","조커영화를 볼 때도 완벽했지만, 다 보고 나와서 계속 머리 속에 멤도는 여운이 더 완벽했다. "
"356","조커","조커광기의 해방 "
"357","아스팔트 위의 동키호테","아스팔트 위의 동키호테당시 학교시험치고, 엄마랑 형님이랑 동생이랑 보러 갔던기억. 이런 청춘영화가 재밌었는데. "
"358","판소리 복서","판소리 복서가장한국적인게 가장서계적인거니까!! "
"359","82년생 김지영","82년생 김지영"
"360","82년생 김지영","82년생 김지영이거 돈내고왜봤지? 하.. "
"361","82년생 김지영","82년생 김지영정말 공감되고 눈물났어요.엄마 모시고 잘 보고왔습니다. "
"362","안나","안나우선 여배우 캐스팅 너무 잘했고 뻔한 반전의반전의반전이지만 원래 뻔한 반전의반전의반전을 만드는게 더 힘들다 액션씬도 생각보다 많이 나오지않았지만 정말 잘짜여지고 멋있었고 그냥 배우들 연기가 다 했다액션영화를 이렇게 재밌게 본건 정말 간만인것같다 정말 추천한다 "
"363","가장 보통의 연애","가장 보통의 연애썸남이랑이거보고 술먹엇는데....영화는영화일뿐인데 실수해서 썸남이랑 ㅃㅇ공효진은 공효진이다.이거보고 술적당히드세요... "
"364","7광구","7광구영화가아닌 220만 관객분들에게 드리는 점수 "
"365","82년생 김지영","82년생 김지영20대에 이 영화를 보게 돼서 다행이라는 생각이 든다. 영화를 보는 내내 엄마 생각이 나 눈물이 났고, 극 중 인물이 내가 평소에 했던 말과 똑같은 말을 할 때도 눈물이 났다. "
"366","82년생 김지영","82년생 김지영일단 연기를 정말 잘하셔서 스토리에 집중이 잘 되었던 것 같아요 연출이나 음악 다 잘어우러져 튀는 부분도 없었습니다! 슬픈 장면, 웃긴 장면 다 담겨있어 웃었다 울었다 반복했습니다!ㅋㅋ진짜 너무 감동적이고 후반에는 계속 울었어요ㅜㅜ 모두 보셨으면 좋겠습니다! 정말 좋아요!! "
"367","82년생 김지영","82년생 김지영어쩌면 당신과 나의 이야기 "
"368","82년생 김지영","82년생 김지영40대 미혼 직장인 여성입니다. 주위에 눈물 펑펑 쏟으며 감동적으로 봤다는 입소문에 많아 기대를 많이 하고 봤는데요. 확실히 육아맘 입장이 아니다보니 머리로는 그 상황들이 이해가 되지만 깊이 공감은 좀 안되더라고요.직장에서의 남녀차별이나 여자로서의 삶, 시부모님의 인식 등은 아직 한국사회에 남아있는 모습일순 있어도 최근에는 인식이 많이 바뀌고 있다고 생각하고 있고, 현재 기준에서 보편적인 상황은 아니지 않나 라는 생각도 하게 되네요. 그렇다고 여성 비하니 하는 논란까지는 아니라고 보고요. 분명 그런 모습들도 우리 사회가 가지고 있는 하나의 단편이긴 하니까요.. 배우들의 연기는 참 좋았습니다. "
"369","82년생 김지영","82년생 김지영호기심에 별생각없이 혼자 보러갔었다.페미 영화라고 하도 욕을하길래 걱정했는데 사실 이상한 내용은없었고 대한민국에 정상적인 사고를가진 사람이라면 남녀를 떠나 이 내용에 어느정도 공감을 할것이다. "
"370","82년생 김지영","82년생 김지영책은 안 보고 영화를 본 거지만 좋았습니다.사실 더하면 더했지, 덜하진 않은 상황이라고 봅니다.가감없이 최대한 담백하게 그려낸 것이라고보는데(설정제외)악의적 평점이 난무하네요.같이 본 남자친구도 논란에 비해 그냥 담담히 한 여자의 인생을 그려낸거 같다고 오ㅐ이렇게 논란이 되는지 모르겠다더군요. 잘봤습니다. "
"371","82년생 김지영","82년생 김지영지루하지도 않고 심파도 아니고 잘 만든 영화네요 "
"372","람보 : 라스트 워","람보 : 라스트 워테이큰같기도 하고 나홀로집에 같기도 하고 존윅같기도 하다.. "
"373","82년생 김지영","82년생 김지영시간 내서 본것이 억울하지 않는 괜찮은 영화. 공감이 된다 "
"374","82년생 김지영","82년생 김지영후반 30분은 진짜 눈물이 뚝뚝 떨어졌다. 책은 못 봤는지만 영화는 재밌게 잘 봤어요. 캐스팅도 찰떡이라! "
"375","반짝이는 박수 소리","반짝이는 박수 소리반짝이는 박수소리라는 제목만큼 아름답고 멋진 영화입니다. "
"376","양자물리학","양자물리학와우~ 신선하다.. 제목이 좀 별로라 미뤄놨던 영화였는데 시작부터 연기력에 빠져 미모에 헤엄쳐 지루할틈 없는 한편의 뮤지컬을 본듯.. 파동이 통한건가보다 "
"377","조커","조커영화를 감상하면서 호아킨 피닉스라는 배우의 연기력과 영화의 연출, ost가 어우러저 이전과는 전혀 다른 조커를 매력적으로 나타냈다고 생각합니다. "
"378","벤자민 버튼의 시간은 거꾸로 간다","벤자민 버튼의 시간은 거꾸로 간다"
"379","82년생 김지영","82년생 김지영꼭 여자로써만이아닌 사람으로써 어떻게 살아가는지 살아가고있는지 들여다 봐야 할 영화 ... 나의 어머니 이야기 까지도 섬세하게 들여다볼수있어좋았다 "
"380","50가지 그림자: 해방","50가지 그림자: 해방"
"381","82년생 김지영","82년생 김지영83년생 남자로써 솔직한 의견적는다82년생 김지영씨는 영화속 삶과 비슷한삶을 살았는지 모르겠지만 지금 현시대에 80~90여성들은 공감해서는 안된다.지금 50대이상되신 우리들 어머니세대 이야기였다면 공감하고 남성우월주의로 피해를 입었다고 인정하지만 현재 여성들 가슴에 손을얹고 솔직하고 냉정하게 생각해보자과연 우리들 어머니세대처럼 힘들게 살고있는지.. "
"382","람보 : 라스트 워","람보 : 라스트 워액션 영화면 저정도는 돼야지 더락같은 근돼가 입만 나불거리는 영화보다 100배재미있다 "
"383","33","33재밋다ㅋㅋ 서프라이즈인가 구출된광부가 아내랑  불륜녀중에 불룬녀선택햇다는게 이건가보네ㅋㅋ "
"384","82년생 김지영","82년생 김지영이거 왜 댓글 안올라가냐? "
"385","조커","조커뭔가 사람 마음속에 있는 억눌린 감정을 풀어주는 영화? 올해 본 영화중에 제일 좋았다 "
"386","82년생 김지영","82년생 김지영공감 위로가되어 아직도 가슴이 절절합니다.. "
"387","춘몽","춘몽코미디임? 카메오가 왜케 많어 "
"388","시민 노무현","시민 노무현시민영웅 눈물이 나고 또 났다 "
"389","미스 스티븐스","미스 스티븐스타인과 소통하는 어려움 즐거움 중요함을 느꼇다. 티모시를 통해 느끼니 더 행복 "
"390","코렐라인: 비밀의 문","코렐라인: 비밀의 문"
"391","82년생 김지영","82년생 김지영다 떠나서 재미가 없다. 그냥 김지영이 즈그 외할매 빙의돼서 지 어매한테 하소연할 때 40~50대 아지매들 코 훌쩍대며 생굴 마시더라. 지영이 아빠가 베란다에서 보약 한재 더 주문할 때 피식 딱 한번 웃었다! "
"392","82년생 김지영","82년생 김지영누구나의 이야기. 살아온 성별이 달라 공감하지 못한다면 적어도 차별하지 말아라. "
"393","82년생 김지영","82년생 김지영"
"394","82년생 김지영","82년생 김지영결국 여기서도 본인들과는 전혀 상관없는 별점테러로 남자를 열심히 처 까대시는 페미들 남녀갈등 유발 존경한다. 남자를 처 까대는 영화본 페미중에 과연 몇명이나 이 영화에서 받은 여자에 대한 차별과 부당한 대우를 받은 사람이 몇이나 될까? 그만큼 본인들이 말하는것 처럼 봐야하는 영화면 왜 본인들이 낮은 수준으로 이러한 별 의미 없는 댓글을 달아가면서 남자들을 처 까대는건지 스스로 낮은 수준 자랑하는것 같음 "
"395","82년생 김지영","82년생 김지영올해 찐라루 좋은 영화를 보았습니다 공유의 조연 연기가 너무 좋았습니다 짱입니다 "
"396","82년생 김지영","82년생 김지영븅111신 멧돼지 퀘레에겏거덛더도 "
"397","82년생 김지영","82년생 김지영사랑하는 나의 엄마와 보고 싶은 영화, 엄마에게 보여 주고 싶은 영화. "
"398","82년생 김지영","82년생 김지영최악의 영화 다른거 보세요 "
"399","82년생 김지영","82년생 김지영나도 애엄만데 그저그랬음 남편이랑봤는데 중간중간 오그라드는 장면나오고 지루했음~ 재밌다고 호언장담하고 봤는데 보는내내 눈치보여 죽는줄 ㅠㅠ "
"400","82년생 김지영","82년생 김지영너무 과하게 남자의 안좋은면만 표현해서 보기 불편할정도임 비추 "
"401","82년생 김지영","82년생 김지영평점이란 걸 처음 써보는데 영화를 다시 생각하는 것만으로도 울컥한다. 김지영이 해질녘 창밖을 보고만 있는데도.. 그 마음이 어떨지 짐작이 가서 바라보기 힘들었다. 옆집 누구네 이야기 같은 영화여서.. 듣고나면 에휴. 한숨밖에 나오지 않는 이야기를 영화로 잘 풀어낸 것 같다. "
"402","82년생 김지영","82년생 김지영"
"403","82년생 김지영","82년생 김지영"
"404","82년생 김지영","82년생 김지영연출도 좋고 배우들의 연기도 좋고...마음에 드는 영화입니다. "
"405","82년생 김지영","82년생 김지영현실반영 과장 1도 없는 영화 "
"406","82년생 김지영","82년생 김지영너무현실적인 얘기입니다. 영화보는 내내 먹먹했어요. 우리모두가 김지영입니다. "
"407","재심","재심"
"408","선물","선물순수함과 담백함의 딱 적절한 버무러짐이 너무 좋습니다!! 이 소재와 배우 그대로 조금 더 발전된 영화를 원하는건 어쩔수없는 아쉬움이네요~ "
"409","스테이션 7","스테이션 7괜찮은 영화. 볼만함. "
"410","82년생 김지영","82년생 김지영참 할머니들은 왜그렇게 아들아들 했는지 그들도 여자면서 ... "
"411","독전","독전아나보아아하이이이비히외 "
"412","엑시트","엑시트우리집 거북이 헤엄치는거 보는게 더 재밌겠음. 도중에 보다가 말았는데.. 조정석이 하는 철봉 난이도에 비해 몸이 별로라.. 우와 해야 하는데.. 어?? 하게 됨. 가스때문에 사람이 그렇게 죽어나가는것도 웃기고.. 가스 올라와도 그냥 문 닫고 잘 폐쇄하면 되는거 아님? 조정석 건물 올라가는데 사람들은 왜 이렇게 빽빽 소리 질러대는지.. 동영상은 대체 왜 찍는거야? 고희연 진행중에 직원들이 놀고 있는 모습, 가란다고 가는 모습.. 솔직히 말이 안 된다 ㅋㅋㅋㅋ 조정석을 제외하고는 다 연기 개판에.. 도저히 집중할 수 없는 진행들에 참지못하고 꺼버렸다. 이게 관객 천만에 육박한다는게 믿기지 않는다. "
"413","말레피센트 2","말레피센트 2인간은 언제나 어리석다 "
"414","람보 : 라스트 워","람보 : 라스트 워잠자는 호랑이의 털끝도 건드리지 마라 ㅋㅋ ㅎㅎ "
"415","아수라","아수라아수라가 아닌 아수라장 좋은 재료가 있어도 요리가 맛이 없다. "
"416","82년생 김지영","82년생 김지영10대부터 80대까지 꼭 보시기를 추천합니다.특히 직장인들 남자분들 꼭 보셔요 "
"417","82년생 김지영","82년생 김지영이 시대를 살고있는 많은 여성들의 평범한 이야기 "
"418","82년생 김지영","82년생 김지영평점 조작에 당했다 ㅠㅜ "
"419","82년생 김지영","82년생 김지영"
"420","위플래쉬","위플래쉬음악 영화인줄 알았는데 액션 영화였다. 한 인간의 영혼을 밟고 찢어 태워버리는 폭력성 가득한 영화였어. "
"421","82년생 김지영","82년생 김지영차라리 62년생 김말순 하지 베이비붐세대로 걸고 넘어지니 에휴 "
"422","가장 보통의 연애","가장 보통의 연애소주가 너무 땡기는 영화! 항상 존재하는 친구 강기영너무 재밌게 봤습니다! ^^* "
"423","82년생 김지영","82년생 김지영남자친구와 봤지만... 너무 여자의 삶을 나쁜쪽으로만 오버해서 표현한것같음. 영화보고 나와서 동시에 한말이 ""좀 과하다"" 였을 정도... 누가 현실에서 저렇게까지하나... 요즘세상에선 몰매맞음... 그리고 어디 댓글에서봤는데 ㅋㅋㅋㅋ82군번 김병장도 만들어달라고 ㅋㅋㅋ 무튼.. 통신사 할인으로 저렴하게 봤으니 망정이지... 너무 뻔한스토리..과장된 연출... 감성자극 제로... "
"424","82년생 김지영","82년생 김지영하도 남자들이 욕하는 영화라길래 같은 남자로써 궁금해서 봤습니다. 결론은 ""왜 욕먹는 영화지?"" 입니다.우리 엄마가 너무 생각나서 엉엉 울었어요ㅜㅜ저도 영화속 큰딸처럼 아빠에게 잔소리합니다.여행가도 아빠 챙기기 바쁜 엄마...그럴때 ""엄마는 나 말고 아들이 또 있나보네~?""라고 말하면 아빠가 주섬주섬 챙깁니다ㅋㅋ 영화를 통해서 서로가 좀더 이해했으면 좋겠고요. 사회의식(육아휴직,여성경단 등)도 바뀌어갔으면 좋겠습니다 "
"425","82년생 김지영","82년생 김지영어느정도 공감은 되는데..모든 여성이 이런 힘든 삶을 산다는것 마냥 떠들어대는 맘충들이 싫어서 1점 줌 .. "
"426","조커","조커"
"427","82년생 김지영","82년생 김지영역대급쓰레기에 평점조작 영화입니다 "
"428","82년생 김지영","82년생 김지영"
"429","82년생 김지영","82년생 김지영82년생 김지영 한 여성의 삶이 아니라 우리 모든 여성의 삶이 담긴 영화. 임금차별, 채용성차별, 육아노동, 경력단절, 성범죄 등 10분의 1도 안담겼지만 .. 이런 82년생 김지영이 개봉했다는 것만으로도 너무 감격입니다. 스토리 상 답답한 부분도 많았지만 같은 여성으로서 충분히 공감가는 연출과 배우들 연기 감정선이 좋았네요. "
"430","82년생 김지영","82년생 김지영보면서  내내  공감하고  끝날때까지  울면서 봤네요남편이랑  같이 봤는데 둘다  너무  공감하면서  본영화김지영이  저같아서  같이  맘아파하고  울고....,정말  현실영화100%추천합니다 "
"431","더 킹: 헨리 5세","더 킹: 헨리 5세배우들의 내면연기가 정말 뛰어났다 "
"432","유열의 음악앨범","유열의 음악앨범내용 개연성 없고 보다가 실소만 나옴. 내가 써도 저정도는 쓰겠다고 할정도. "
"433","조커","조커"
"434","82년생 김지영","82년생 김지영글쎄 이 영화에 별점 테러 남기는놈들 정상적인 일상생활이나 가능한 놈들일까? 주변에 정상적인 남자들(직장동료,남사친)은 이 영화보고와서 대부분의 반응들이 내딸 시집보내기 무섭다 였는데.... "
"435","82년생 김지영","82년생 김지영"
"436","사자","사자최고였습니다 감동과 몸을 사리지않는 액션연기,,보면후회절대안하는 영화에요~~추천!!! "
"437","82년생 김지영","82년생 김지영지극히 너 나 우리의 이야기 "
"438","82년생 김지영","82년생 김지영62년생 김지영이라면 대부분들 이해를 했을것이나, 82년생이라 이해가 안드는 내용... "
"439","82년생 김지영","82년생 김지영조용히 혼자 영화보러 갔는데 양옆앞뒤에 오동통한 언냐들이 팝콘에 치킨까지 사와서 드시더라구요ㅠㅠ 집중을 못해서 별 두개 뺏습니다. "
"440","82년생 김지영","82년생 김지영지금까지도 이어지고 있는 이야기우리 사회 속 많은 김지영들이 공감할 수 있는 이야기 같아서 생각을 많이 하게 되네요 "
"441","82년생 김지영","82년생 김지영모든 김지영들을 위한 영화. 그리고 남성혐오가 아닌 그냥 보통 현실에서의 이야기. 편견없이 모두 꼭보셨으면 좋겠어요!  영화만들어주셔서 감사합니다. "
"442","82년생 김지영","82년생 김지영아직 20대 초반인 내가 울면서 공감한다는 것과 별점 테러로 알 수 있다. 이 영화가 얼마나 사실적이고 여성들의 삶을 잘 나타냈는지 "
"443","존은 끝에 가서 죽는다","존은 끝에 가서 죽는다b급이지만 평행세계 +  마약 + 판타지를 섞어서 참 신기하다는 느낌을 받음 약간 마약을 하면 저런 느낌을 받겠지라는느낌에 영화에요 ㅎㅎ "
"444","재혼의 기술","재혼의 기술"
"445","82년생 김지영","82년생 김지영여운이 깊네요 "
"446","꽃미남 연쇄 테러사건","꽃미남 연쇄 테러사건"
"447","82년생 김지영","82년생 김지영처음부터 끝까지 모든 장면이 우리의 현실적인 이야기였습니다. 가족들이랑 보면 좋은 영화입니다. 이런영화를 만들어주셔서 감사합니다. "
"448","82년생 김지영","82년생 김지영전혀 공감 노! 차라리 어머니세대 이야기였으면 힘드셨구나 이해라도 하지 이건 뭐 ㅉㅉ 솔직히 82년 그쪽세대가 빠순이-된장녀-맘충 막장테크 최악의 세대 아니냐 "
"449","82년생 김지영","82년생 김지영"
"450","82년생 김지영","82년생 김지영현실을 고스란히 담아낸 영화 "
"451","82년생 김지영","82년생 김지영그냥쓰레기 영화 이딴게 영화로 나오다니 "
"452","82년생 김지영","82년생 김지영"
"453","82년생 김지영","82년생 김지영80년대생 여자들에 대한 담담한영화 누구나 공감할 영화, 하지만 대한민국 여자들은 일부 페미나치 세력때문에 앞으로 영원히 이해받지 못할것 -한남충 "
"454","말레피센트 2","말레피센트 2"
"455","82년생 김지영","82년생 김지영"
"456","82년생 김지영","82년생 김지영직접 보고와서 평점남기세요 "
"457","82년생 김지영","82년생 김지영영화 보지도 않은 한심한 남자들이 평점 깎아먹고 부들데네요 왜 욕먹는거죠??? 같이 본 몇몇 남편들은 오히려 영화보고 자기가 더 잘한다면서 그렇게 말하면서 나오던데 왜 부들부들 하는지 이해가 안됨 그렇게 말하는 남자분들 수준이 딱 거기까지인거에요 페미 영화니 뭐니 이상한 소리나하고 친정엄마 생각도 나고 너무 공감되는데요 밑에 댓글에 집도 반반하라는 남자분들ㅋㅋㅋ돈만 반반이지 나머지는 반반 못할텐데요??? 수준낮다 정말 "
"458","82년생 김지영","82년생 김지영우리나라의 현실을 보여주는 내용으로 공감을 받은 것이지 페미니즘하고는 무관한듯...오히려 페미니즘 논란이 되는 것은 우리나라 현실이 남성에 치우친 것이라는 것을 반영하는 것이 아닐까요?다만 영화에서는 부부사이의 갈등 부분이 별로 반영되지 않아 아쉬웠습니다 "
"459","82년생 김지영","82년생 김지영최악의영화입니다. 최악 "
"460","82년생 김지영","82년생 김지영원작으로 접한건 안 보곤하는데 재밌게 관람했습니다. 생각이 많아지는 영화입니다. "
"461","타짜: 원 아이드 잭","타짜: 원 아이드 잭준이엄마 분량이 적어서 흥행 실패 "
"462","82년생 김지영","82년생 김지영리얼 82년생 김지영씨는 무슨생각이들까 "
"463","판소리 복서","판소리 복서좋았습니다 사라져가는 것들에 대한 재조명... "
"464","82년생 김지영","82년생 김지영지영처럼 날아오르고 싶은데 날개가 꺾인 사람 날아오르고 싶지 않은데  날아올라야 하는 사람 모두 힘냈으면 좋겠다. "
"465","82년생 김지영","82년생 김지영ㅋ 싫어요 누른사람 다 한남이네 "
"466","퍼펙트맨","퍼펙트맨조진웅의 연기가 인상적이였고 언터쳐블1퍼센트의 우정 카피작 같은 느낌이 드는게 아쉽다. "
"467","터미네이터","터미네이터토요명화 주말의 명화에서 엄청 해줘서 어릴때 봤는데, 전설의 고향, 강시만큼 터미네이터가 무서워서 이불쓰고 봤던 기억이. 스토리로 엉성한 특수효과 등을 넘어버림. "
"468","조커","조커역대급 연기력과 연출력 그리고 화려한 미장센까지 완벽함 "
"469","82년생 김지영","82년생 김지영공감하는 부분도 많고, 우리 나이대는 공감안되는 부분도 많았지만. 어린아기 키우면서 사회생활에서 멀어지고 경력단절에..서서히 지쳐가는 엄마의 모습을 정말 잘 표현한 것 같아서 나도 저땐 그랬는데 ... 하고 마음이 아팠어요..전혀 남성폄하하는 영화아닙니다.페미니즘 아닙니다.이 영화 본다고 싫어하는 남자친구, 남편 많으신 것 같은데 선입견 갖지마세요. "
"470","양자물리학","양자물리학영화는 현실처럼 재밌고 현실은 영화같아서아주많이 갑갑하다. 이 영화로 한국 실태를아는 것만으로 끝내지 말고 우리나라 국민들이관심을 가지고 목소리를 내서 검찰개혁 꼭 해야하고 국민들을 개돼지 취급하는 높으신분들에게국민들도 모이면 힘이 있다는 것을 알려줘야한다 "
"471","82년생 김지영","82년생 김지영주조연 할 것없이 배우들의 연기도 훌륭했고중간중간 웃어넘길수 만은 없는 찝찝함 그리고 어딘가 갇혀있는 듯한 연출도 탁월했습니다.마지막에 나오는 ost도 감정선을 이어갈 수 있도록 해줘서 먹먹한 마음에 노래가 끝날때까지 자리를 떠날 수 없었습니다.좋은 영화 볼 수 있게 애써주신 영화 관계자분들 감사합니다. "
"472","가장 보통의 연애","가장 보통의 연애말 그대로 30대의 일상을 조금 영화느낌 살려서 만든 영화 재밌음 "
"473","82년생 김지영","82년생 김지영정유미씨의 먹먹한 연기 ~ 최고였어요 "
"474","살다","살다1952년 작품인데 연기, 연출, 극본 흡입력, 담고 있는 메시지가 70년 가까이 지난 오늘날의 명작들보다 낫다. 삶의 회의감, 우울감이 엄습해올 때마다 봐두면 잠깐이라도 용기를 얻게 된다. "
"475","82년생 김지영","82년생 김지영82년생 김지영뿐아니라 어딘가 있었던있을 김지영의 이야기일 수 있다는 생각으로 봤습니다. "
"476","82년생 김지영","82년생 김지영이따위 페미니즘 주작 영화 ㅉㅉ "
"477","82년생 김지영","82년생 김지영경단녀. 고단한 엄마로서의 삶.. "
"478","82년생 김지영","82년생 김지영식상한 갈등 구조, 차별당하고 피해만 보고 산 것처럼 그려진 주인공과 다른 여성의 모습.소설은 안보고 영화만 봐서 그런지 모르겠지만 내용이 지나치게 심플하다못해 마치 예전 심야 단막극보는 느낌이었습니다. "
"479","82년생 김지영","82년생 김지영엄마랑 또 보고싶은 영화, 엄마 생각이 많이 사던 영화 "
"480","말레피센트 2","말레피센트 2졸리나와..보려고했는데 평점이 안좋네요...볼까 말까 ㅠ "
"481","82년생 김지영","82년생 김지영시대의 대세는 정해졌다. 발악하는 인간들은 숨어서 손가락만 휘두를 뿐 공개적 공간에서 혐오 발언을 하지는 못한다. "
"482","양자물리학","양자물리학배우와 스토리 모든게 재미있다 "
"483","82년생 김지영","82년생 김지영영화관에 가면, 모든 사람들이 울고 있습니다.왜 그럴까요?여자분들이라면 직,간접적으로 한번씩은 모두들었던 혹은 느꼈던 감정&이야기 였습니다.그래서 오히려 왜 논란이 되는가 의문이었습니다.너무나 당연한 이야기인데... "
"484","애인이 사이코패스일 때 나에게 생기는 일","애인이 사이코패스일 때 나에게 생기는 일호수에서 남자한테 왜 살려달라고 안했는지? , 절벽에서 도망치고 다시 왜 돌아 왔는 지? 총을 뒤에서 겨누고 왜 안 쏘았는지? "
"485","82년생 김지영","82년생 김지영"
"486","라이프","라이프미래의 지구는 쭈꾸미가 지배한다능.. 시장좌판에 그 넘들이 매복중.. "
"487","조커","조커I AM COMEDIAN. "
"488","위플래쉬","위플래쉬지렸다. 마지막10분은 어우야.빤쓰여분챙겨가시길 "
"489","82년생 김지영","82년생 김지영94년생 김일병은 언제 개봉하나요? "
"490","선물","선물재밌게 봤습니다. "
"491","82년생 김지영","82년생 김지영영화 보는 내내 눈물이 확 쏟아 내렸습니다.남자편이라면 대부분 전쟁영화나 형제, 학교 등등 나왔습니다.일단 소설을 가져온 영화지만 또는 만화로 가져온것도 스토리가 다 나오지는 않습니다. 표현을 하고자하는 부분이 있을거고요. 속상한 부분을 껴안아주시면 안될까요?? 한번은 주인공입장에 몰입해서도 보시고, 또 한번은 전체적으로 보면서 아직 이해 못하겠지만 이영화를 보고 무조건 이걸 봐라 느껴봐라 그런거 아니니까  편하게 관람을 했으면 좋겠다는 생각이 듭니다. ㅠㅠ "
"492","양자물리학","양자물리학검찰개혁이 왜 필요한지 적나라하게 보여주는 영화. 연출도 좋고 스토리도 탄탄하고 짜임새도 훌륭했음. 메세지도 있는데 재미까지 있고 연기까지 좋음. 솔직히 한국 영화에서 보기 드문 조합. 내 2시간을 가치있게 사용한 거 같음. 최근에 나쁜*** 보고는 시간 무진장 아까웠음. "
"493","82년생 김지영","82년생 김지영그냥 폐미니스트를 위한 영화. 폐미니즘 정부 출범하고 이딴 영화가 나올줄이야 ㅉㅉ 남편이 밖에서 가족들 먹여살리기 위해 개고생하며 힘들게 돈벌고 고생하는건 언급도 안하네 ㅉㅉ 누군가의 남편이자, 아버지이자, 아들로 사는게 아닌 그냥 82년생 김지혁으로 살고싶은 인간들도 많다. 폐미들아 정신차려라. 그리고 이딴 영화 보는 여자들은 무조건 거르고 봐야한다. "
"494","선물","선물김준면 얼굴이 너무 재밌습니다! "
"495","82년생 김지영","82년생 김지영여자친구가 보자그래서 봤는데  공감가는 부분도 있고 억지 설정이 좀 있어서 둘다 별로 공감하면서 보진 못했네요. 울면서 보는 분들도 없어 보였어요. 마지막 맘충은 진짜 억지중에 억지였어요. "
"496","82년생 김지영","82년생 김지영엄마세대가 생각나서 많이 울었고 혹 나의 미래는 아닐까 그렇다면 앞으로 이 사회는 어떤 방향으로 나가야할아 고민하게되는 영화였습니다! "
"497","82년생 김지영","82년생 김지영지영아 너하고싶은거해 "
"498","82년생 김지영","82년생 김지영82kg 김지영 : Girls can eat Everything "
"499","82년생 김지영","82년생 김지영대한민국 출산율 0.8이란다....이건 정말 심각한 문제이다...나라가 망할 거이고 피해는 세금을 내고 경제활동을 하는 30~50대에게 돌아간다... 지금의 50대가 80대가 되면 지금의 10대가 다 벌어 먹여야하는것이다...그 부담은 어떻게 보상해 줄 것인가...적어도 이런 남녀갈등의 씨앗이 있는 영화는 만들면 안되는것 아닌가? 결혼을 누가 안하려고 하는가..바로 남자다. 여자보다 남자가더 결혼을 포기한다.  여자는 능력좋고 돈많은 남자를 원하고 그렇지 못한 경우 결혼을 꺼린다. 남자또한 능력 있는 남자는 결혼을 하지만 그렇지 못한경우 자기와 비슷한 능력의 여자와 결혼을 해야하는데 여자는 자신보다 더 능력 좋은 남자를 원하기 때문에 결혼이 성립 되지않는다...이런상황에서 무슨 남자가 힘드네 여자기 힘드네 불평 불만 하고 앉아있나...국가의 존망이 걸린 심각한 상황인것을 알아야 할것이다. "
"500","82년생 김지영","82년생 김지영82년생 김지영이 개봉 전부터 욕먹은 이유는 작품성을 떠나서 여성차별의 근거로 이 책을 바이블인마냥 제시한것에서부터 비롯된거 같음. 아무도 국제시장을 보고 남자가 힘든삶을 살았다고 여자가 편하다고 말하는 사람 없다. 근데 82년생 김지영은 그런 용도로 이용되어 왔고, 거기에 대한 반감이 발생한문제임. 이건 남자를 욕할것도 아니고 여자를 욕할것도 아님. 무튼 그런것들 때문에 이슈가 되고 영화로까지 만들어졌지만, 그런 배경없이 출간된 책, 개봉한 영화라면 논란이 될 이유가 없음 "
"501","퍼펙트맨","퍼펙트맨막 재밌지도 않고 그렇다고 막 슬프지도 않고그냥 평타 입니다 "
"502","조커","조커한편의 조커 다큐를 본듯한 느낌. 존중과 배려가 없는 사회가 사람을 지독한 외로움과 광기에 빠뜨릴수 있다는 것을 보여준다. "
"503","82년생 김지영","82년생 김지영82년생이 이정도로 힘들어했다면 72년.62년.52년생 어머님들은?여기는 평정들이 좋은데 정말 영화보고 평정 남기는건가?극장나오면서 우는사람 없었고 다들 이게 뭐냐고 수근거리든데.... 이따구 영혼없는 평점 올리니 한국영화가 퇴보하는거같아 씁쓸하다....79년생인 내가 봐오고 살아온 세상은 이런세상이 아닌데....여혐 남혐 나누는건 거짓 페미들이 선동하는게 아닌가하는 개인적인 생각.... 정신차립시다~ 거짓 페미들 "
"504","82년생 김지영","82년생 김지영저랑은 안맞네요 괜히 봤어요 "
"505","82년생 김지영","82년생 김지영영화 너무 잘 봤습니다! 대형?급 배우들을 써서 다행이네요 얼른 천만 찍었으면 좋겠습니다! 영화화 해주셔서 감사합니다! "
"506","조커","조커호아킨 피닉스의 감탄스러울 연기력과 연출력 음향의 심적묘사까지 놀라울 정도의 영화였다. "
"507","82년생 김지영","82년생 김지영"
"508","82년생 김지영","82년생 김지영"
"509","엑시트","엑시트한국영화평점 거품은 알아줘야 돼...개떡같이 만들어도 8점...조금덜 지루하면 9점...  초반부는 조금 흥미롭지만 중반넘어가며... 점차 짜증이 밀려오며 지루한 패턴의 반복... 비현설적설정의 연속... 이걸 돈주고 왜봐.. "
"510","82년생 김지영","82년생 김지영극중 정유미가 앓고있는 산후(?)육아우울증 증세만 빼면 모든 상황이 저희 부부와 같아서 감정이입이 잘 되더군요.. 만약에 저렇다면 어떨까...하고 생각해보게 하는 영화였습니다. "
"511","82년생 김지영","82년생 김지영남녀평등세상 좋지. 이제 신혼부부 살 집은 반반부담부터 평등히 시작하자. 이런건 또 싫지? ㅋㅋㅋ 평등은 개뿔 ㅋㅋㅋ "
"512","82년생 김지영","82년생 김지영20대 여자가 좋아하기에는 20대 여자들이 과연 공감하는것인가에 의문을 던진다. 또 솔직히 80년대생 여자들 데이트비용도 안내고 군대도 안가고 결혼할때 집도 안하고 꿀빤 세대 아닌가? "
"513","82년생 김지영","82년생 김지영무슨 이런영활ㅡㅡ 피해망상있으신가 "
"514","82년생 김지영","82년생 김지영이건 아니죠 ㅋㅋ 10점으로 통일이라니 "
"515","82년생 김지영","82년생 김지영남친이 먼저 예매 했더라구요, 영화보는 내내 손을 꼭 잡고 보았는데 사랑받고있어 너무 행복했어요. 책보다는 영화가 접근하기 좋은거 같아요. "
"516","82년생 김지영","82년생 김지영별루네요 이런 영화는 앞으로 안나왔으면 좋겠습니다 "
"517","82년생 김지영","82년생 김지영‘소수의’ 사람들은 이 영화에서 나타나는 성차별적 사건을 현 세대의 여성은 겪지 않는 것이라고 말합니다. 당신들의 이야기가 아니라 우리의 어머니들, 혹은 그 윗 세대의 것이라고 말입니다. 하지만, 영화를 본 모든 여성은 김지영을 비롯한 여성 캐릭터들에게 자신의 모습을 발견할 겁니다. 대한민국을 살고 있는 모든 여성들이 적어도 한번쯤은 경험한 이야기니까요. "
"518","82년생 김지영","82년생 김지영현실이 아니라고 말할수 없어 더욱 마음이 아픈 영화인 것 같습니다. 여성과 남성이 서로에게 한 발짝 더 다가갈 수 있는 기회가 되기를 바래봅니다. "
"519","선물","선물기대안하고 봤는데 재밌어요~~ 케미도 좋고 배우들의 연기도 너무 좋았어요 !! 김준면 배우님 응원합니다ㅎㅎ "
"520","노 웨이 아웃","노 웨이 아웃앱솔루트 파워에서 진 핵크만은 비슷한 역할이었는데.. 그 영화랑 노웨이아웃 많이 비슷하네.. 앱솔루트 파워가 노웨이아웃을 참고했나?? 클린트 이스트우드가 왜 진 핵크만을 고집했는지 알거같음.. "
"521","82년생 김지영","82년생 김지영33세 남자입니다. 편견없이 영화를 봤는데 모든 상황들이 다 공감할만한 내용이더라구요 이걸기반으로 남혐 여혐 하는것들이 문제지 영화는 정말 재밌게 잘봤습니다.많이 눈물났네여 "
"522","조커","조커무관심과 냉소를 향해 퍼붓는 분노 "
"523","47미터 2","47미터 2전작이 상어라는 어떻게 보면 진부한 소재를 이용해 독특한 연출로 만들어 낸 수작이었는데 속편은 그야말로 똑같이 상어만 나올 뿐 밋밋한 영화가 돼버렸다. "
"524","인간중독","인간중독임지연은 색기 부족. 송승헌은 감정 부족. 이색적인 시대배경은 좋았지만. "
"525","82년생 김지영","82년생 김지영너무 현실적이라 몇번을 울컥했는지영화가 아닌 다큐멘터리를 한편 본듯했습니다. "
"526","82년생 김지영","82년생 김지영워킹맘 남매로 자란저는 공감되는 부분이.많아서 중강에 조금 울컥 했어요..전혀 문제 될게 없고 이게.왜 남녀 운운하는지.전혀 모르겠어요 "
"527","82년생 김지영","82년생 김지영스토리가 정말 공감되네요. 눈물 줄줄 흘렀습니다. "
"528","82년생 김지영","82년생 김지영너무 공감 결혼한 친구가 오버랩되는... "
"529","82년생 김지영","82년생 김지영"
"530","오버로드","오버로드기대안했는데 재밌어서 깜놀. "
"531","82년생 김지영","82년생 김지영내가 본 영화중에서 가장 불쾌한 영화 "
"532","82년생 김지영","82년생 김지영"
"533","82년생 김지영","82년생 김지영"
"534","라라랜드","라라랜드"
"535","82년생 김지영","82년생 김지영주변에있는 잡것들을 거를수있개해주는 아주좋은영화.이런영화가 자주나와서 많은 웜퇘지들이 도태되었으면.나무아미타불 관세음보살 아멘. "
"536","82년생 김지영","82년생 김지영많은 분들이 보셨으면 좋겠어요 보다가 많이 울었어요ㅠ "
"537","82년생 김지영","82년생 김지영내가 김지영씨가 되어서 본 영화. 이미 나는 김지영씨의 일부분이고, 우리 모두는 김지영씨와 함께 살아간다. 지독한 편견과 억압의 굴레는 쉽게 부서지지 않는다. 그러나 그 굴레의 크기를 줄여나가는 것. 결국엔  점점 소멸되게 하는 것이 궁극의 목적이 되지 않을까. "
"538","82년생 김지영","82년생 김지영조커가 되는 과정에 공감하고 감정이입하면 정신병자, 82년생 김지영에 공감못하면 욕 한바가지 "
"539","82년생 김지영","82년생 김지영"
"540","82년생 김지영","82년생 김지영아이키우는 엄마들은 보지마세요와이프랑 같이 봤는데 많이 우울해하네요.. "
"541","박쥐","박쥐박찬욱이 작심하고 만든 B급영화. 김옥빈 몸매가 영.. "
"542","재혼의 기술","재혼의 기술재밌고 짠하고 맘 편하게 볼 수 있는 영화!홍상수 영화에서 19금을 덜어내고 코믹을 채운 듯~ "
"543","82년생 김지영","82년생 김지영우울하지만 스스로가 우울한지도 모르고, 주변에서 전업주부가 제일 편하다 말하는 소리에 스스로도 자신은 우울할 일 없이 편하게 행복하게 사는 사람이라고 생각하는 캐릭터를 느끼는 순간 초반부터 눈물이 났다. 다만 뉴스에서 자주 접하는 내용들은 인물 일대기에 에피소드로 넣을 때 김지영만의 사건으로 보여주었으면 더 좋지 않았을까. 보편적 내용을 직접적으로 전달하여 뻔해서 지루한 느낌이 있었고 그 방식이 세련되지 못해 아쉬웠다. "
"544","82년생 김지영","82년생 김지영정유미씨 좋은 영화 찍어주셔서 감사합니다 이입 잘돼서 많이 울었네요ㅜㅠ "
"545","82년생 김지영","82년생 김지영"
"546","82년생 김지영","82년생 김지영이 영화는 편가르는 영화가 아니다  아름답지만 슬픈 영화면서 많은 생각을 하게 하고 시간이 지날수록 진한 커피향같은 여운을 주는 영화다 "
"547","82년생 김지영","82년생 김지영영화를 위해서 현실보다 훨씬 강도가 약하게 만들어졌다는 걸 모르는 사람들 "
"548","82년생 김지영","82년생 김지영지영아 밥은 먹고 다니냐? "
"549","말레피센트 2","말레피센트 2ㅈㅁ시간날리구돈날리구노쟘 "
"550","82년생 김지영","82년생 김지영왜 보지도 않고 평점들을 다는지 모르겠네요^^ "
"551","쿵푸 보이","쿵푸 보이아쉽게도 개봉한지 열흘만에 종영된게 너무 아쉽다.ㅜ  일 때문에 바빠서 챙겨보지도 못했지만 "
"552","말레피센트 2","말레피센트 2새들은 바람을 타면서 저런 풍경을 보는구나 "
"553","82년생 김지영","82년생 김지영겉으로는 따뜻하고 서로 사랑하는 남편과 가족들. 그렇지만 지영에 대해 공감하지는 못하는 사람들. 그래서 지영의 아픔이 더 와닿았다. "
"554","82년생 김지영","82년생 김지영"
"555","82년생 김지영","82년생 김지영"
"556","지퍼스 크리퍼스","지퍼스 크리퍼스도입부 30분은 최고의 스릴과 서스펜스를 제공한다. 그런데 그걸로 끝. "
"557","82년생 김지영","82년생 김지영물론 공감을 하는 부분이 없진않지만 너무 남성에 대한 혐오감을 조성하는게 아닌가하는 생각이 많이 들었어요. "
"558","82년생 김지영","82년생 김지영이 영화는 20대 여성만 공감할 수 있는, 20대 꼴페미 여성에게만 뛰어난 영화입니다. "
"559","82년생 김지영","82년생 김지영고민하지 않고 선택해도 후회가 없을 영화. 영화가 끝난 뒤 엔딩크레딧이 올라갈 때도 눈물이 멈추지 않았던 영화. "
"560","82년생 김지영","82년생 김지영02년생 손동환입니다. 여성분들 참 고생많으세요.... 에프킬라가 어디있더라... "
"561","굿바이 싱글","굿바이 싱글굿바이 싱글벙글 ㅋㅋㅋ "
"562","82년생 김지영","82년생 김지영"
"563","82년생 김지영","82년생 김지영정유미 기린목이 였내 모가지가 90도여 "
"564","82년생 김지영","82년생 김지영02년생 전상혁입니다. 그냥 다 닥치세요 "
"565","82년생 김지영","82년생 김지영남자랑 여자랑 싸우라고 만들어 놓은 영화는 아닌 거 같은데...그냥 영화로만 재미로 보지... "
"566","82년생 김지영","82년생 김지영다른사람처럼 되는 거. 굳이 안 넣어도 됐을텐데. 그거 때문에 몰입 깨짐. 나머지는 공감됨. "
"567","나의 소녀시대","나의 소녀시대"
"568","애나벨 집으로","애나벨 집으로어둡기만 하고 떡밥만 던져놓은 "
"569","조커","조커소름돋는 연기.. "
"570","인랑","인랑실화라서 더 재밌네요!!정우성 x 강동원 케미 뿜 뿜한효주 연기 x 미모 x 분위기 //삼 박 자/2 안나와서 너무 슬픕니다 꼭 보세요 꼭 제발 제발 "
"571","더 킹: 헨리 5세","더 킹: 헨리 5세연기도 잘하는 티모시, 과장되지 않은 묵직한 전투씬이 빛난다. "
"572","82년생 김지영","82년생 김지영남녀평등햔세상이오기를 "
"573","가장 보통의 연애","가장 보통의 연애"
"574","알라딘","알라딘너무 재밌게 봤습니다~~~~ 노래 너무좋아여 ㅋㅋㅋ "
"575","82년생 김지영","82년생 김지영배우들 연기 좋네요 책보단 감정적인 호소가 깊었던것같아요 "
"576","82년생 김지영","82년생 김지영"
"577","82년생 김지영","82년생 김지영"
"578","82년생 김지영","82년생 김지영엄마랑 한번 더 보고싶어요 "
"579","82년생 김지영","82년생 김지영72년생 김철수 입니다. 20대엔 IMF, 30대엔 금융위기, 지금 40대엔 무한 생존경쟁.  82년생 김지영을 보며 같이 아팠고 눈물이 흘러 내렸습니다. 어쩌면 우린 모두 82년생 김지영일수도 있지 않을까 합니다. 그리고 지금은 서로 위로해가며 건강한 공동체를 만들어 나가기 위해 지혜를 모아야 할때가 아닌가 하는 생각이 드는 가을날입니다. "
"580","82년생 김지영","82년생 김지영그렇게따지만 세상에 안억울하고 안불쌍한 사람이 어딨냐 ㅋㅋ 피해의식환자시점 판타지영화 "
"581","선물","선물"
"582","82년생 김지영","82년생 김지영엄마도 엄마의 삶이 있었을텐데 왜 나는 그때 몰랐을까 "
"583","82년생 김지영","82년생 김지영이 영화를 망치고 있는 것은 언론과 평론가다. 원작소설과 달리 남녀 모두의 공감을 얻을만하고, 지금 우리사회의 양극단의 젠더갈등을 넘어선. 앞으로의 이야기를 해보려 했던 감독의 연출은 무시되고. 평론가란 자들은 다시 남 녀 갈라 편들고 싸움을 부추기고 있다. 안타까울 따름이다. "
"584","말레피센트 2","말레피센트 2정말 최악의영화다  보고나서 열받더라10점 준사람들 제대로본거맞어??? "
"585","82년생 김지영","82년생 김지영좋은 작품 잘 봤습니다. 감사합니다. "
"586","82년생 김지영","82년생 김지영사회 문제를 다룬 만큼 무거움이 느껴졌습니다.하지만, 모두가 서로의 모습을 이해해가는데에 좋은 역할이 될 수 있는영화라는 생각이 듭니다.영화를 보면서, 왜 우리가 서로의 힘듦과 아픔을 공감하는데 이리도 거칠게 대화해야하는지 마음이 아픕니다.결국 김지영의 아픔은 그의 남편의 아픔이고 남동생의 아픔이기도 합니다. 우리는 연결되어있어요. 세상 모든 존재는 소중합니다.당신도 나도요. 서로의 부족함과 아픔을 이해할 수 있는 좋은 영화였습니다. "
"587","82년생 김지영","82년생 김지영너무 공감이 가서 먹먹했다 잘 아프지도 않던 내가 애를 낳고 허리를 다치고 엘리베이터가 없는 병원에 애를 안고 올라갈수가 없어서 지하철 타고 1층에 있는 병원을 다니는데 아저씨가 지나가면서 왜 지하철에 유모차를 끌고 타는거야 하더라 ... 얼마나 서럽던지 허리가 안펴져서 운전도 못하고 아기띠도 못하는 상황이었고 애기 병원은 가야했기때문에 그런건데... 진짜 서러웠었네요 누구를 만나서 차마시고 그럴여유가 없었기에 누굴 만나는 것도 맘이 편칠 않았고 집에만 있으면 애기나 나나 너무 답답 했기에 아파트 한바퀴 유모차 끌고 돌고 공원에서 차한잔 마시고..  해보지 않고 뭐라 안했으면 좋겠네요 그나마 버틸수 있었던건 착한 남편이 있었기 때문이죠 "
"588","가장 보통의 연애","가장 보통의 연애영화에서 술냄새나요,, "
"589","82년생 김지영","82년생 김지영몰입도 높은 영화.. 이 영화가 널리 널리 파졌으면 좋겠다 "
"590","82년생 김지영","82년생 김지영사람이라면 당연히 공감해야 할 이야기바로 우리 엄마 가족 친구 동생의 이야기니까 "
"591","82년생 김지영","82년생 김지영폐미니 어쩌니 인터냇에 도배되어있어서 그런줄 알고 안볼라다가 와이프성화에 봤습니다. 페미영화가아니고 사회구조의 부조리를 감성적으로 잘풀어낸 영화더군요. 이 시대에 살고있는 남편도 와이프도 부모님도 너무 안터까웠습니다 "
"592","미씽: 사라진 여자","미씽: 사라진 여자아이 키우는 엄마로써 보는 내내 마음 졸이며울엇어요 ㅠㅠ 공효진님 엄지원님 연기.. 정말 대박이에요.. "
"593","82년생 김지영","82년생 김지영82년생 공유 연기대상감이네요밖에선 열심히 돈벌어와 집에선 육아랑 집안일 도와주는 헌신적인 남편 아내 정유미의 사회진출을 적극적으로 지지하고 시어머니와 아내사이에서 이리치이고 저리치이는 그시대 가장들의 고달픈 삶과 애환을 잘 보여준 멋진 작품입니다꼭 보러갈게요! "
"594","82년생 김지영","82년생 김지영재밌어요 감동적인 내용 "
"595","82년생 김지영","82년생 김지영머리 비우고 쓴 글을 똑같이 비우고 만든 영화 차라리 클레멘타인이 감동적 "
"596","82년생 김지영","82년생 김지영공유가 너무 불쌍했다 역시 진짜 피해자는 남자인데 온갖 생색은 여자가 냄 "
"597","82년생 김지영","82년생 김지영폐급쓰레기영화에요ㅋㅋ "
"598","말레피센트 2","말레피센트 2딱...10세 미만이 봐야할 스토리무능력한 왕자, 발암 여주 오로라실컷 목숨바쳐 말레피센트 구해놨더니...그리고 말레피센트의 종족이 다 죽을뻔 했는데공주랑 왕자의 사랑말곤 관심 없음 왜 나오는지 모르겠는 애들도 많고 "
"599","82년생 김지영","82년생 김지영영상으로 봤 을때 처음부터 끝까지 어둡고 칙칙하고 보는 관객이 정신병 날것 같은 답답한 대사와 표현들 1남편 2시어머니 3회사 4병원 그리고 최고는 주인공 82년생 김지영 아이를 키우는데 힘들고 외로운건 잘표현 했는데 작가의 생각이 어두운건지 낙천적이고 도전적이고 긍정의 힘은 1도 없는 주인공 -자유도가 높은 인간으로써 이해할수가 없다. 인간이 저렿게 생각하는게 비현실적이다.보는내내 주인공들이 답답하다.로봇 같은 드라마 무인도에서 혼자 갇혀 지낸 것인가?작가가 정신병인가?너무 낮은 완성도의 드라마에 평점을 높이 주는 건 아니라고 본다 "
"600","조커","조커빵빵 터지는 액션&빠른 전개 이런거 기대하시는 분들은 실망할수도,,, 걍 킬링타임용으로 재밌는 영화는 아니에요 ㅎㅎ  연기, 영상미, 음악 다 소름돋게 완벽하고 멋있고 그랬지만,,,  저도 오랜만에 시간내서 영화보는건데 막 재밌고 액션있고 그런건 아니여서 좀 서운.... 이제 조커되서 막 빵빵 터트리고 다니나 싶더니 끝남 ㅋ 액션이 거의 없다고 보면 됨 액션기대하면 안됨요, 액션영화보다는 예술작품에 가까움 "
"601","터미네이터 2:오리지널","터미네이터 2:오리지널고딩때 친구들하고 영화관에서 봤는데 영화 끝나고 부둥켜 안았다.내 인생 최고의 영화를 꼽는다면 주저하지 않고 T2. "
"602","엑시트","엑시트재미있엇고 추천하는 영화입니다 이영화 많이 봐주세요! "
"603","82년생 김지영","82년생 김지영결혼을 한것도 아니고, 남자형제가 있어서 차별받고 자란것도 아니지만, 공감할수있는 부분이 생각보다 많이 있었어요.. 엄마생각, 친구생각도 나고.. 그들이 격은 일도 많이 나와있어서 그럴지도 모르겠어요. 그리고 내가 평소에 어땠는지도 돌아볼수 있고.. 생각이 많아지는 영화네요. 잘봤어요. "
"604","그녀가 죽은 밤","그녀가 죽은 밤시체가 너무 이쁘네 근데 살인은 좀 그렇다.. 여튼 재밋게 봣어요 "
"605","82년생 김지영","82년생 김지영"
"606","82년생 김지영","82년생 김지영우리 엄마의 삶을 다시한번 곱씹게 되었던 계기 "
"607","청설","청설가슴 따뜻해진다 ㅠㅠㅠ 수화가 배우고 싶어 ㅠㅠ "
"608","원더","원더강함은 힘의 세기가 아닌 힘을 바르게 사용하는 것, 사랑으로 만드는 따뜻함을 느꼈습니다. "
"609","82년생 김지영","82년생 김지영최악임 돈아까워죽겠ㅠㅠ "
"610","82년생 김지영","82년생 김지영볼만했음 슬프네ㅜㅜㅜ "
"611","82년생 김지영","82년생 김지영너와 나 우리 모두의 이야기 "
"612","람보 : 라스트 워","람보 : 라스트 워추억팔이로 또 개봉이 됐지만 옛날 람보 감성 액션이 1도 없다 뜬금 대책없이 찾으러가서 존나게 줘터지고 여기자 아니였음 복수도 못했을걸? 이게 람보냐? 이건 람보가 아니고 마치 테이큰을 보는거 같았다 못지키고 죽었으니 실패한 테이큰인건가 마지막에는 잔인한 나홀로집에를 찍네 "
"613","82년생 김지영","82년생 김지영이영화 보고 애낳고 싶겠냐?  이영화 보고 애낳으면 우울증 걸려서 빙의할까 두렵지 않겠냐? 사회적 분위기 조성하지마라... "
"614","고지전","고지전영화가 내내 평범하다고 생각하고있다가 휴전 12시간을 앞두고 뒷통수를 가격당한듯 충격을 먹게 됩니다. 그때 양측 군에게 내려지는 명령이 영화가 보여주고자하는 핵심이 아닌가합니다. 생각합니다. ""전쟁을 왜 하는거냐고. 누구를 위해하는거냐고"" 영화를 계속 보는게 너무 고통스러웠습니다. 마지막 전투를 해야하는 상황이 어처구니 없고 억울하고 원통했습니다. 결정권자들은 컴퓨터 게임하고 땅따먹기 하듯이 귀하디 귀한 사람 목숨들을 전장에 내던집니다. 어떤 이유던 세상에 전쟁은 없어져야 합니다. 전쟁을 거부해야 합니다ㅠㅠㅠ 그리고 김옥빈 너무 너무 예뻐서 계속 감탄했습니다. ㅠㅠ "
"615","82년생 김지영","82년생 김지영와이프와 함께 보기 정말 좋은 영화네요. 함께 하기에 서로늘 생각해보게 만드는 최고의 영화라 생각합니다 "
"616","82년생 김지영","82년생 김지영"
"617","82년생 김지영","82년생 김지영웃기도하고 울기도하고 넘 재밌고 감동도 있네요지금 사는 우리들 얘기라 공감이 너무 갑니다보시면 후회 안하실거에요~~^^ "
"618","82년생 김지영","82년생 김지영여자의 입장을 간접적으로 체험할 수 있다는 점에서는 높은점수를 주고 싶습니다만 영화 자체만으로 볼땐 8점이 적당하다 봅니다 "
"619","람보 : 라스트 워","람보 : 라스트 워람보형님 사랑합니다. "
"620","엿보기 구멍","엿보기 구멍만화책을 보다 만 것이 생각나서 본 영화인데... 하 ㅡ 감독, 게다가 두 명?! '영화'가 무엇인지는 알고 찍는 걸까... 어서 끝나기 만을 기다렸다. "
"621","82년생 김지영","82년생 김지영공감이 많이 되었습니다. "
"622","82년생 김지영","82년생 김지영우리나라 영화 수준참.. "
"623","82년생 김지영","82년생 김지영엄마랑 같이 보러 갔어요. 펑펑 울다 나왔네요 "
"624","82년생 김지영","82년생 김지영세상의 모든 김지영, 그리고 엄마. 힘내세요. 사랑합니다! "
"625","82년생 김지영","82년생 김지영김지영처럼 될 일이 전혀없는 메갈 워마드 취집김치 페미녀들이 영화나 소설 82년생 김지영에 빙의해서 남혐 남자등골빨기 허위미투 꽃뱀짓 하는 우리나라 20대 이하 여자들의 현실과는 참 반대임 "
"626","82년생 김지영","82년생 김지영"
"627","82년생 김지영","82년생 김지영다른거 떠나서 그냥 2019년에 1950년생 지말자 신파를 82년생이라고 말도안되는 허접끼워맞추기 개신파로 팔어먹네...와 진짜 갈라치기 혐오팔이 피해자 코스프레 팔이 완전 3류 장사꾼 양아치들...ㅉㅉ "
"628","82년생 김지영","82년생 김지영모두가 공감할 수 있는 이야기. "
"629","말모이","말모이정말 역사적인 내용을 가지고 있는것 같아요정말 잘 보았습니다그리고 이 영화 정말 추전드립니다정말로 교육적으로 도움되는것 같고 우리 역사에 대해 더 잘 알게해주는 영화였습니다.이 영화 적극 추천 드립니다!! "
"630","선물","선물이런 선한 영화가 많이 나왔으면 좋겠어요 보는 내내 마음도 편하고 등장인물들을 응원하게 되는거같아요 결이 거친 영화들을 좋아해서 많이 봤는데 그로 인해 지쳐있던 제가 오랜만에 맘편하게 본 영화였던것같아요  자연스러운 방식으로 감동을 일으키는 영화라고 생각합니다. 많은 청춘들 응원합니다. 화이팅 "
"631","82년생 김지영","82년생 김지영전혀 페미영화라고 느끼지 못했다. 낀 세대인 80년생 여성의 삶을 이해할 수 있는 영화였다. 아니, 오히려 여성에 대한 이야기라기보다 현재 사회가 가지고 있는 문제를 여성을 통해서 보여주는 것 같았다. 낀 세대라면 누구나 공감할 수 있는 스토리. 남자든 여자든 꼭 봤으면 한다. "
"632","컨택트","컨택트이과영화의 탈을 쓴 문과영화. "
"633","82년생 김지영","82년생 김지영일상 속에서 내가 듣던 말이, 우리 엄마가 겪던 일들이, 주변 사람들이 내게 보이던 모습들이 전부 담긴 영화였습니다. 영화보면서 엄마 생각이 정말 많이 났어요. 책은 아직 읽어보지 못했는데 책까지 보려구요. 다른 영화랑 고민하다가 본 영화인데, 이걸 보길 정말 잘 한 것 같아요. "
"634","도가니","도가니실화고발영화의 기념비적인 작품! "
"635","가장 보통의 연애","가장 보통의 연애이쁜척하는 공효진 밖에 안보이는 영화 "
"636","82년생 김지영","82년생 김지영부모님이랑 같이 보고 모두 울고 나왔습니다.영화 만들어 주셔서 감사합니다. "
"637","82년생 김지영","82년생 김지영담담하게 김지영의 서사를 그려낸 영화. 어딘가에 갇혀 살아야만 했던 우리들의 이야기. "
"638","돈 존","돈 존영화는 포르노 중독을 주제로 삼았지만 우리사회가 얼마나 자극적인 것에 중독되어있고 불감상태에 빠져있는지 돌아보게 하는. 가볍지만 결코 가볍지 않은. "
"639","신세계 2","신세계 2너무너무 기대가 됩니다. "
"640","말레피센트 2","말레피센트 2OOO기 영화   고구마구간 밖에 없고 OO엔딩 "
"641","82년생 김지영","82년생 김지영마음이아팠다우울증...아이낳고 키우는게 얼마나 힘든지 안키워본사람은 모른다 "
"642","인투 더 와일드","인투 더 와일드누군가에겐 영화로만 끝나지 않는 영화. "
"643","82년생 김지영","82년생 김지영48년생 김지영인 우리 엄마가 오버랩돼 눈물이 쏟아졌어요 그나마 공유같은 남편이나 김지영 가족은 최상급 아닌가 하고 씁쓸...현실을 잘 반영한 영화인데도 그마저도 녹록치않은 현실을 더 힘들게 살아가는 김지영들을 생각하며 응원하고 싶었습니다 "
"644","빌리지","빌리지재밌게 보고 다 좋았는데, 다만 이해가 안 가는건, 굳이 그 좋은 결혼식 피로연 파티때 꼭 굳이 장로들 중 한명이 꼭 괴물의 탈을 쓰고 연극을 했어야만 했나..;; "
"645","터미네이터 2:오리지널","터미네이터 2:오리지널I'II be back "
"646","82년생 김지영","82년생 김지영공유가 좋아져써요 ㅋㅋ "
"647","82년생 김지영","82년생 김지영다른거 다 떠나서 영화가 재미가 없습니다 "
"648","82년생 김지영","82년생 김지영그 동안 알탕 범벅인 천박한 한국영화와는 다릅니다. 올해 가장뛰어난 영화 "
"649","82년생 김지영","82년생 김지영"
"650","82년생 김지영","82년생 김지영우리 모두의 김지영.잔잔하지만 뼈 때리는 영화입니다. "
"651","82년생 김지영","82년생 김지영먹먹합니다. "
"652","82년생 김지영","82년생 김지영내용이 너무 밋밋함 출연료빼고 제작비 식비밖에 안들었을듯 "
"653","아저씨","아저씨"
"654","82년생 김지영","82년생 김지영공감을 받을 수 없는 그들만의 영화...어려운 일을 경험 해보고 살아라. 집에서 화초처럼 컸다고 새상에 소리치지 말고 "
"655","람보 : 라스트 워","람보 : 라스트 워역시 람보는 나를 실망시키지 않네 상영관이 왜이리 없는지 아쉽다 "
"656","82년생 김지영","82년생 김지영평범한 삶을 담아낸 현실적인 영화네요. 그래서 더 공감이 가는 영화입니다. 세대와 연령 상관없이, 주인공의 시점 외에도 누군가의 남편으로, 자식으로, 아내로, 부모로 충분히 공감할 수 있는 영화입니다. "
"657","82년생 김지영","82년생 김지영가부장제를 고스란히 몸으로 살아온 엄마를 둔 딸로서 80년대생 여자로서 공감가는부분이 많은 영화 휴지를 꼭 들고 보러가세요 "
"658","82년생 김지영","82년생 김지영과거와 현재 앞으로 미래를 살아갈 이나라의모든 여성들을 위한 영화의 외침 "
"659","82년생 김지영","82년생 김지영연기는 잘 함...     시나리오는 공감 못 합니다.    여권신장된 요즘 이런 신판극에 피해 과대 망상인듯... "
"660","엑시트","엑시트가볍게 볼 수 있는 영화치곤 생각보다 빈틈이 별로 없어서 만족스러움 복선 회수도 깔끔하고 "
"661","82년생 김지영","82년생 김지영제목이 82년 김지영이 아니라 내딸 김지영이었어야함. 엄마들이 딸들한테 자기감정 이입하니까 영화관이 거의 살풀이 수준이더라. "
"662","47미터 2","47미터 2이거 뭐 다 죽자는거네 네이버 평점..연기 연출 화면구성 하나도 제대로 된게 없네 아마추어 촬영이네..ㅠ.ㅠ "
"663","82년생 김지영","82년생 김지영그냥 다 내 이야기 같았어요. 내가 직접 겪지 않은 일도 있지만 다 마음에 와닿았어요. 같이 본 남편도 같이 공감해줘서 고마웠고 남성과 여성으로 나누어 볼 문제가 아닌 그냥 한 사람에 관한 이야기라고 말하고 싶네요. 이상하게 슬픈 장면이 아닌데 울컥하게 하는 부분이 많았습니다. "
"664","82년생 김지영","82년생 김지영82kg paranoia Woman story "
"665","82년생 김지영","82년생 김지영소설보다 영화가 훨씬 좋았어요. 공유에게 역할을 부여해서 구조의 문제를 잘 보여줍니다.  완득이도 소설보다 영화가 재밌더니 감독 센스있네요 "
"666","82년생 김지영","82년생 김지영공감1도없는 영화 대단함 "
"667","82년생 김지영","82년생 김지영공감1도없는 영화 대단함 "
"668","82년생 김지영","82년생 김지영우리 세대, 어머니 세대, 할머니 세대의 모든 여성들을 위로하는 영화. 우리 딸들에게 더 나은 세상을 열어주기 위한 논의에 불 붙이는 영화. 나를 더 이해하고 싶어 함께 본 남편, 고마워 여보! "
"669","82년생 김지영","82년생 김지영음 소설이나 영화나 어르신들이 보면 공감갈만한 내용이많음 소설 영화가 욕먹는 이유가 속좁은 남자라고 하는데남혐하는 여자들이 책내용가지고 이용하니까 싫어하는거임 어린 남자들은 공감도 안돼고 "
"670","캡티브 스테이트","캡티브 스테이트잼나는데 "
"671","조커","조커가슴이먹먹하고 무거운 슬픔과 잔혹함 "
"672","82년생 김지영","82년생 김지영본 사람들 SNS에 인증해놔라 카톡 프사에도 올려놔라 거르기 쉽게 "
"673","선물","선물"
"674","시월애","시월애명작...이런 영화가 다시 나올 수 있을까 싶네요.. "
"675","82년생 김지영","82년생 김지영첫 장면 부터 내 얘기인줄..웃음과 허탈함이. 영화를 보는 내내 일상적인 공감이 되는 영화였습니딘 "
"676","람보 : 라스트 워","람보 : 라스트 워옆집소녀는 왜 하필 예쁠까 "
"677","82년생 김지영","82년생 김지영속이 이상해질 정도로 정유미가 연기 잘하더라고요 한국 여성들의 어머니들이 겪은 얘기들... "
"678","너를 만난 여름","너를 만난 여름작품성 이런거 떠나서그냥 보고싶었던 나의 그리움을 영화로라도 봐서돈 아깝지 않았다 "
"679","셀룰러","셀룰러웰메이드 액션영화. 미국 과학교사는 맥가이버급? "
"680","82년생 김지영","82년생 김지영그냥 현실 그 자체를 담아낸 내용 이걸 왜 욕하시는걸까요....보는내내 너무 슬프고 답답했는데 "
"681","82년생 김지영","82년생 김지영그냥저냥 주말에 시간때우기용으로 볼만합니다. "
"682","조커","조커. "
"683","82년생 김지영","82년생 김지영책 읽으면서도 많이 울었습니다영화는 어떨까 싶어 봤는데 가족생각이 무척 나더라고요 좋았습니다 "
"684","82년생 김지영","82년생 김지영"
"685","82년생 김지영","82년생 김지영다같이 눈물닦으며 본 영화ㅜㅜ 우리 엄마, 언니, 나의 이야기를 담은 것 같이 너무 현실적이여서 더 슬펐다 "
"686","82년생 김지영","82년생 김지영또 볼 거예요~ 다들 꼭 한 번 봤으면 하는 영화예요 "
"687","82년생 김지영","82년생 김지영OOOO꼴페미영화이거볼바에엄동복보는게더나음 "
"688","엑시트","엑시트초등생 딸 둘과 같이 봤는데 아이들이 너무 재미있어했고 저역시 좋은 영화였다고 생각합니다 "
"689","굿바이 싱글","굿바이 싱글내 취향은 아니지만 ..not bad  한국 영화치곤 잘 만든 영화임 "
"690","82년생 김지영","82년생 김지영관객수가 딱 걸캅스랑 비슷하게 마감할듯 "
"691","82년생 김지영","82년생 김지영너무 속보이는 영화 아닌가 ㅋㅋ "
"692","키친","키친자꾸두고두고 생각나서 찾게되는영화 "
"693","82년생 김지영","82년생 김지영"
"694","솔라리스","솔라리스매트릭스 전에 솔라리스가 있었다. 4차산업혁명 AI 시대에 되새김되어야 할 철학적 메시지. "
"695","82년생 김지영","82년생 김지영정유미 연기가 너무좋음 "
"696","사냥","사냥와~ 진짜 재밌다^^b "
"697","47미터 2","47미터 21편이 차라리 나앗지... 2편은 2~3점짜리 c급 영화 "
"698","82년생 김지영","82년생 김지영"
"699","스몰 타임 크룩스","스몰 타임 크룩스초반은 '극한직업'이 영화에서 주제를 차용하지 않았을까 싶을 정도. 우디 앨런의 수다스러운 코미디는 역시 로맨스에 어울려. "
"700","82년생 김지영","82년생 김지영쓰레기 영화 모든 고생은 여자만 다하냐? "
"701","82년생 김지영","82년생 김지영"
"702","82년생 김지영","82년생 김지영"
"703","조커","조커연기 굿 "
"704","82년생 김지영","82년생 김지영그냥 재미없음 억지감동같았음 "
"705","82년생 김지영","82년생 김지영"
"706","82년생 김지영","82년생 김지영"
"707","미드 90","미드 90카피 문구처럼 불쑥 튀어나온 걸작이라는 말이 참 잘어울리는 영화 "
"708","82년생 김지영","82년생 김지영한줄평..? 뭐라 설명을 해야될지 모르겠다...영화보는 내내 눈물이 그렁그렁했고 영화가 끝나고는 마음한켠이 무거웠으며 생각할게 많았다... 그리고 어머니 생각이 많이 났다... 고맙습니다 그리고 사랑합니다 어머니 "
"709","말레피센트 2","말레피센트 2기대안하고 갔는데 영상미도 너무 좋고 안젤리나 졸리와 미셸파이퍼 연기가 좋았습니다. 말레피센트..너무너무 아름답고 멋진 캐릭터였어요. 아바타를 보는 듯한 영상도 좋았고..집에 돌아오자마자 1편을 봤습니다. 개인적으로 아주 재밌었어요~ "
"710","82년생 김지영","82년생 김지영대한민국 여자들의 서글픈 보통의 삶 "
"711","82년생 김지영","82년생 김지영"
"712","82년생 김지영","82년생 김지영음 이영화를 보지 않고서는 논하지 마셈눈물없이 볼 수 없는 영화 임 "
"713","82년생 김지영","82년생 김지영밋밋하게 느껴졌던 것들을 영상에 디테일하게 담아 몰입감과 공감을 이끌어낸 작품. "
"714","82년생 김지영","82년생 김지영왜 우는지 모르겠지만 살면서 제일 많이 운 영화...작가님 수고하셨습니다 "
"715","트리플 프론티어","트리플 프론티어왠지 뒤 통수 맞을 것 같은 불안한 분위기와 더불어 언제 총질당할지 모르는 쫏기는 상황과, 돈을 버려야 돈을 가질 수 있는 상황이 어우러져 재미있게 감상했다. 초중반 전략적인 침투같은 씬이 더 많았으면 좋았을텐데 하는 생각과, 침투작전에 전략적인 접근을 했다면, 그 많은 돈을 한꺼번에 옮기기 보다는 빼 놓고 어디다 숨겨놓고 몸만 빠져나와서 나중에 가져오는게 더 전략적이지 않았을까... "
"716","82년생 김지영","82년생 김지영"
"717","82년생 김지영","82년생 김지영성재기 영화 하나 맹들어라 "
"718","환상속의 그대","환상속의 그대제 인생에서 가장 좋았던 최고의 작품들 중 하나로 남을 것 같습니다. 그리고 이 작품에서 한예리 배우님 너무 귀여워요. 요즘은 이런 모습을 볼 수 있는 작품이 없어서 아쉽습니다. 웃는 얼굴이 참 꾸밈 없이 해맑고 사랑스러운데..한예리 배우님의 귀염뽀짝한 모습이 그리울 때마다 이 영화를 봐야겠어요. 슬픈 영화지만. "
"719","말레피센트 2","말레피센트 2결론 엄마의 모성애는 강했고 마녀보다 인간의 욕망이 더 무섭다. 그리고 왕자님은 정말 무능했다. 3탄을 위해 염소로 남겨두는것으로 끝 "
"720","82년생 김지영","82년생 김지영제목을 바꿔야함 원작그대로 썼다해도 너무 흥행을 노린 얄팍한 방법인듯 "
"721","82년생 김지영","82년생 김지영여자라서 느낄수 있는 순간순간 디테일한 감정을 잘 살려낸 연기에 박수를 보낸다 "
"722","82년생 김지영","82년생 김지영공유 나온다기에 봤는데 볼만함. 개인적으론 그냥그랬지만 요즘 이슈가 되는 영화이니까 한번쯤 볼만한듯. "
"723","타짜: 원 아이드 잭","타짜: 원 아이드 잭영화 잘만들고 개꿀잼인데 역시 평점은 믿을게 못된다 타자1보다는 아니지만 확실한건 타자2 보다는 재밌고 연기좋음 "
"724","82년생 김지영","82년생 김지영너무 여자 중심적으로 나온거 같고, 맘충은 저런 상황에서 쓰는 단어가 아닌데 나만 그런거 같음? "
"725","82년생 김지영","82년생 김지영?82년생 김지훈! 남자의 고충 소설, 영화나왔으면 합니다! "
"726","82년생 김지영","82년생 김지영쿵쾅 쿵쾅 거리는 소리 들린다. "
"727","82년생 김지영","82년생 김지영"
"728","82년생 김지영","82년생 김지영"
"729","82년생 김지영","82년생 김지영"
"730","위대한 개츠비","위대한 개츠비멋있는 영화 ,,, 보면 후회안함 "
"731","82년생 김지영","82년생 김지영처음으로 영화관에서 졸았네;; "
"732","람보 : 라스트 워","람보 : 라스트 워람보는 우리에겐 서태지와같은 추억팔이 ~ 재미있었습니다! "
"733","82년생 김지영","82년생 김지영생전에 j가튼 영화 한편 보고 가는구나. "
"734","82년생 김지영","82년생 김지영사는게 다 그렇지 뭘.. 그정도면  자상한남편에 따뜻한가족에.,뭘그리 바라는게 많지? 꼭 밖에서먀 자아실현이 되는건가? 진짜별루 "
"735","82년생 김지영","82년생 김지영남편이랑 잘 보고 왔습니다. 오히려 남편이 더 울고, 우리 서로 잘하고 부모님께도 잘하자며 영화관을 나왔습니다.책도 영화도 보지않고 평점 테러 하러오는 사람들은 그 자체로 여성에 대한 선입견으로 가득 차 젠더갈등을 부추기는 사람들이란 생각이 드네요... 우리 남녀 모두 살아가는데 서로 서로 필요한 존재들이라고 생각합니다. 남자는 여자의, 여자는 남자의 고뇌에 서로 공감해주고, 이해해주면 그만인데 왜 이렇게 굳이 죽자고 싸우려드는지 모르겠네요. 오히려 서로의 존재를 고마워하면 더 잘 살수있는데말이죠... "
"736","리틀 포레스트","리틀 포레스트퇴사권장영화라기 보다는 힐링영화 먹방영화 "
"737","재혼의 기술","재혼의 기술잔잔하니 좋네요 배우들 연기가 좋았음 "
"738","악질경찰","악질경찰이선균때문에 10점. 세월호 신파 영화의 내용 모두 0점.이선균아니었으면 폭망했을 영화네요.이선균때문에 그나마 볼수있엇지 이선균아니엇으면 마이너스 백만점이네요 보는내내 지루그자체 내용은 그래서어쩌라고 라는식으로 산으로가고 그나마 이선균때문에 끝까지 봤네요 으휴 속터져 "
"739","파이란","파이란영화가 끝난 후 포스터를 다시 보면 더 슬픈 영화. 하지만 포스터에서라도 하며 마음을 달래는 그런 영화.. "
"740","82년생 김지영","82년생 김지영뭐 말 많은 영화인거 감안하고 봤는데우리엄마 이야기 같아서 싫게 다가오지는 않았음그냥 스토리상의 전개라고봐도 무방할 정도랄까 "
"741","가장 보통의 연애","가장 보통의 연애재미있어요 술땡기는 영화입니다ㅋㅋㅋ "
"742","82년생 김지영","82년생 김지영Trash 이딴걸 영화라고 "
"743","82년생 김지영","82년생 김지영정유미 연기도 잘하고 너무 이쁘다. "
"744","82년생 김지영","82년생 김지영예고만봐도 감동적인 영화에 왜 서로 까고들 있냐?남자 여자 기싸움하냐? "
"745","82년생 김지영","82년생 김지영보다가 나올 뻔....소설보단 그나마 덜 함 "
"746","82년생 김지영","82년생 김지영꼭보세요 정유미님연기정말... "
"747","82년생 김지영","82년생 김지영남자입니다. 이나라에서 태어나 자란 여성들 입장에 공감해볼필요가 있어요. 남여를 떠나 결국 약자에대해 공감해볼 수 있는 이야기라고 생각합니다. "
"748","82년생 김지영","82년생 김지영레알 이딴 시덥지 않은걸로 힘들다고 징징되면 내가 겪은 2년 군생활 체험하면 자살할 여자들 90프로 이상이겠네 ㅋㅋ어머니세대때 힘들던거 지들이 감정이입해서 오버떨지말고 살아라. "
"749","양자물리학","양자물리학일단 박해수 연기 너무잘하더라 서예지도 잘하고 남자검사분도 연기잘하고 출연자들 모두가 연기를 너무잘했던 영화라 몰입도 좋았고 스토리도좋다 이영화는 그냥 칭찬밖에 할말이없다 이영화가 왜 흥행을 못한건지 미스테리다 "
"750","양자물리학","양자물리학너무너무 재미있게 잘 봤어요. 관객수가 너무 적어 미안하네요... 스토리가 정말 잘 짜여 바넌에반전이 긴장을 끝까지 놓지 않게 해주며. 양자물리학의 이론이나 가치관도 좋았고. 남자주인공의 에너지가 넘치는 모습도 좋았습니다. "
"751","인터스텔라","인터스텔라· · ― · · ― · · ― ― ― "
"752","82년생 김지영","82년생 김지영너무 좋았어요 감동적이고 연기 대단했어요 "
"753","82년생 김지영","82년생 김지영여자로 이 땅에서 사는것이  참 힘들다는 걸 생각케 하고 엄마 세대의 여자로서의 삶이 얼마나 고달프고 숭고했는가에 겨외심을 느끼게 한다. "
"754","82년생 김지영","82년생 김지영"
"755","세비지 그레이스","세비지 그레이스정신적인 고통을 겪는 주인공임은 알겠으나, 마지막 결말에서 개연성이 떨어지는것 같아서 응..? 갑자기? 이런 느낌이 들었습니다. "
"756","82년생 김지영","82년생 김지영음.. 일단 원작 소설에서 부터 82년생이라는 구매력좋고 사회에서 입지도 확보된 연령대를 선택해서 흥행력을 높인건 상업적으로 아주 괜찮은 전략이다.영화 자체도 나쁘지않음. 82년생을 이용해서 82년생보다 어머니세대의 힘듬이 더 잘드러낸것같음. 82년생의 힘듬을 표현한것이 아닌것같다.82년생이 힘들어야 더 상업적이 됫을텐데이걸 감독도 느꼇는지 몰입이 될려고 할때마다 쓸데없이 다시 82년생의 힘듬으로 보이려는 쓸데없는 각주가 자꾸나옴. 그걸 빼면 이전세대들의 힘듬을 잘표현햇다고 생각 "
"757","82년생 김지영","82년생 김지영평점은 최대 1000자까지 가능합니다 "
"758","82년생 김지영","82년생 김지영누구나 꼭 봐야 한다. 82년생 김지영 "
"759","가장 보통의 연애","가장 보통의 연애공감이 되어서 위로가 되었던 영화 "
"760","장사리 : 잊혀진 영웅들","장사리 : 잊혀진 영웅들감사합니다. 잊지 않겠습니다. "
"761","말레피센트 2","말레피센트 21 보다 더~ 재밌었고, 모든 면에서 잘봤습니다. 안젤리나 졸리 너무 멋있어요..!!! "
"762","더 울프 오브 월 스트리트","더 울프 오브 월 스트리트스콜세지가 약빨고 만든 3시간의 스토리 잔치. 디카프리오 혼신 연기. 스콜시지 영화의 최대 장점, 캐릭터의 향연. 긴 러닝 타임 중독되듯이 끝나지 않기를, 주인공이 더 타락하고 탐닉하길 바란다. 몰입도 높은 스토리텔링. 화려한 대사들. 누구나 부자가 되길 원하지만 아무나 부자가 되질 못한다. 탐닉하는 자가 아니면 더더욱. 우리의 치졸하면소 중독된 욕망에 대해 일깨워주는 영화. "
"763","82년생 김지영","82년생 김지영책보고 영화봤는데 영화 되게 잘만들었네요. 영화 보고 정말 많이 울었습니다. 이 세상 모든 김지영들이 하고싶은거 다 했으면 좋겠어요 "
"764","82년생 김지영","82년생 김지영"
"765","82년생 김지영","82년생 김지영오버랩되어서 눈물을 감출래야 감출 수 없었네요이건 여성차별이런 내용을 다룬게 아닌 현재 우리세대들의 슬픈 현실을 보여주는 영화라 생각해요.힘들게 견뎌가는 우리 세대들에게 박수를 표하고 싶어요 ㅎㅎ "
"766","노팅 힐","노팅 힐줄리아로버츠의 미소가 너무 아름답다 "
"767","82년생 김지영","82년생 김지영많은 생각이 들게 해주는 영화입니다. 추천합니다. "
"768","재혼의 기술","재혼의 기술소소한 재미가 있다. 근데 실화는 아니겠지? "
"769","82년생 김지영","82년생 김지영정말 훌륭함니다 역대급 역작이 나왔습니다.칸 영화제는 뭐하고 있을까요어서 이 영화를 후보에 넣지 않고....!!!! "
"770","82년생 김지영","82년생 김지영"
"771","팔도 사나이","팔도 사나이그땐 장동휘가 쎈가 박노식이 쎈가 다투곤 했었지만 이 영화 보면 확실히 장동휘 승. 팔도 사나이는 김두한 스토리였구나. 윤정희는 지금 봐도 최고 미인. 저런 어설픈 액션을 보고도 열광했으니 그 시대는 역시 이미지의 시대. 꾸미는데 열중했지 사실은 외면되었던..그러나 꿈이 생생하게 살아있던 시절. 나도 늙는다. 모두 늙는다. 그러나 언제나 그때 그 꿈들은 아련하다. 꿈을 먹고 살던 시대 영화. "
"772","82년생 김지영","82년생 김지영"
"773","82년생 김지영","82년생 김지영아무 의미없는 영화, 돈 시간이 아까움 "
"774","82년생 김지영","82년생 김지영기대이하였습니다ㅜㅜ "
"775","82년생 김지영","82년생 김지영"
"776","82년생 김지영","82년생 김지영영화 만들어주셔서 진심으로 감사합니다 "
"777","82년생 김지영","82년생 김지영현실적인 답답함을 자연스럽고 심도있게 다룬것같습니다. 생각을 많이하게 하고 가족을 생각하게하는 감동적 영화였습니다. "
"778","경계선","경계선인간의 폭력적 편견을 준엄히 경고하는 칼날이 시퍼렇다. 그 칼날이 우리 목을 겨누는 명작.북구의 신화, 자연, 사회적 딜레머, 고도한 지성이 도달한, 깊은 통찰의 아름다운 영화.<렛미인> 원작자가 던지는, 인간윤리에 대한 성찰이 시릴 정도로 뼈에 닿으며, 두 주인공 연기가 경이롭다. 다름이 탄압받고, 추함이 모멸되는 현실을 발가벗겨 뒤집어 보이는 연출, 서사의  정교함, 그 환상적인 차용이 놀랍다.여주인공 티나의 중심잡기가 매우 정답적인게 다소 아쉽지만, 탄압받는 소수자(장애자/성소수자/난민/빈곤층/병약자/피정복민 등등)에 대한 따뜻한 시선이 놀랍도록 아려온다. "
"779","가장 보통의 연애","가장 보통의 연애진짜 수준 낮고 저급한 연애...를 마 이게 바로 보통의 연애다! 아름답게 프레임한 영화나는 저런 질 떨어지는 연애가 아니라 진짜 아름답고 고귀한 보통의 연애를 하고싶다회사에서 문화의날이라 꽁짜로 보여줘서 봤지만 이런 대중문화에 여러분의 소중한 영혼을 내어주지 말길...^^ "
"780","82년생 김지영","82년생 김지영영화본사람만 평점달면좋겠네요 진짜추천합니다 명절에 전부치고 손님상 차리고  설거지에 청소 ㅎㄷ ㄷ "
"781","82년생 김지영","82년생 김지영생각없이 봤는데 너무 슬펐어요 "
"782","82년생 김지영","82년생 김지영남녀갈등조장영화..인생최악의 영화.. "
"783","조커","조커악당을주제로한 최고의영화 "
"784","82년생 김지영","82년생 김지영남편도 대단하다생각드는건 나뿐인가 김지영은 그냥 정신병자같은데 남편이 어떻게해서든 도와주려는 모습이 보이는데 여자만 고생한다 개 ㅈㄹ 댓글들보면 웃겨서 말이안나오네 직장마치고와서  옷도 안갈어입고 육아봐주는게  쉬운줄아나? 돈아깝다 왜 봤지 안보고 옹호 댓글다는 사람들 개웃기네 "
"785","82년생 김지영","82년생 김지영감사합니다, 이 영화로 인해 페미전사인 여자친구를 방생했습니다. 감사합니다 "
"786","82년생 김지영","82년생 김지영"
"787","82년생 김지영","82년생 김지영여자 주인공만 혼자 사는 이세상 "
"788","82년생 김지영","82년생 김지영페미니즘에 대한 비약이 좀있는편 "
"789","조커","조커살인은 어떠한 이유로도 정당화 할 수 없다 "
"790","조커","조커"
"791","82년생 김지영","82년생 김지영현실이다. 아니 어쩌면 현실보다 훨씬 더 미화된 영화일지도. "
"792","82년생 김지영","82년생 김지영이런 영화 제작해주셔서 감사합니다보는 이들이 공감하고 위로받는 작품이 되었으면 좋겠습니다 "
"793","82년생 김지영","82년생 김지영이런 영화에 왜 평점테러를 하는지...이해가 정말 안 가네요 정말 많은 생각이 든 영화예요. 화도 나고 미안해지기도 하는...폭풍 오열하고 왔네요ㅠㅠㅠㅠ앞으로 이런 영화가 더 많이 상영되어야 한다고 생각합니다. 아직 보지 않으셨다면 꼭 보세요...!!!꼭!!!! "
"794","82년생 김지영","82년생 김지영매 씬의 전환이 숨막혔다. 상영관의 중년 남성, 중년 여성, 젊은 여성, 젊은 남성 그 누구 하나 다르지않게 훌쩍이더라. 한 여자, 한 남자의 이야기 그리고 가족의 이야기라 공감을 끄덕이더라. "
"795","82년생 김지영","82년생 김지영페미 out! 영화관에서 뚱녀들 득실해ㅋ "
"796","82년생 김지영","82년생 김지영배우들연기너무잘하지않나요ㅠㅠ 보면서진짜펑펑울었네요ㅠㅠㅠ아직 90년대생이라 겪어보진않았지만 정말 미래의 내얘기 같아서 너무와닿았어요ㅠㅠㅠ정유미배우님연기 잘하는줄은 알앗지만 다시한번감탄했네여  ㅠㅠㅠㅠ "
"797","82년생 김지영","82년생 김지영여기서 나도 남자지만 해석= 나는 여자다 "
"798","산사나무 아래","산사나무 아래"
"799","프린세스 다이어리","프린세스 다이어리몇 번 봐도 안 질린다 넘 재밌어ㅠㅠ "
"800","조커","조커위험할 정도로 조커의 발자취가 공감된다 "
"801","스파이더맨: 파 프롬 홈","스파이더맨: 파 프롬 홈은퇴한 캐릭터들의 빈자리를 채워줄 마블의 새로운 에이스 "
"802","82년생 김지영","82년생 김지영스토리도 배우들의 연기도 좋았습니다. "
"803","82년생 김지영","82년생 김지영일단 여자가 이해가 된다. 예전엔 그런게 진짜 많았으니. 이런 영화도 나름 의미가 있겠다싶다. 근데 이 영화를 보면서 82년생 김지석을 만들고싶어지네 "
"804","악의 연대기","악의 연대기재미없음 억지가 너무 심하다.. "
"805","82년생 김지영","82년생 김지영전형적인 꼴페미 영화 안보는걸 추천 "
"806","장난스런 키스","장난스런 키스새벽에 보고 감수성 폭발 "
"807","82년생 김지영","82년생 김지영단지 여성의 삶을 들여다보는 것뿐이라면 좋았겠지만 이 영화는 선을 넘었다. 남자 또한 사회에서 강요받아온 것들이 많은데 여성들에게만 피해가 집중된 듯한 느낌을 받은 건 지울 수 없었다. "
"808","판소리 복서","판소리 복서클레멘타인에 이은 최고의 수작이 드디어 나왔군요 "
"809","스틸","스틸액션이 살아있다. "
"810","82년생 김지영","82년생 김지영책의 내용 중 남녀에 대한 불편한 상당부분을 덜어내고 제작되었습니다 영화는 부부생활에 대한 일반적인 현실을 다루고 있습니다 남과 녀로 나뉘어 싸울 내용을 다루고 있지는 않아요. 영화를 보고 공감한부분은 작아요. 영화를 보고 공감한다면 ... 저랬나 하고 깨닫게 되면 평소 그런 생활을 모르고 살았다는거라 잘못된 것이겠죠. 그냥 주변의 생활 이야기 입니다 민감하지 않아요 "
"811","트론: 새로운 시작","트론: 새로운 시작빛효과가 촌스러울 수 있다니 "
"812","82년생 김지영","82년생 김지영쓰레기영화입니다이화여대나온 아나운서도 까는영화 ㅋㅋ "
"813","82년생 김지영","82년생 김지영최악의 영화~~ 보는 동안 너무 불편함 "
"814","82년생 김지영","82년생 김지영지금 한국을 살아가는 보통 여자들의 담백한 브이로그 "
"815","그날의 분위기","그날의 분위기잔잔하게 차분히 본 영화 나름 재미있었음연기도 좋았고 "
"816","82년생 김지영","82년생 김지영현실 그 자체. 논란거리가 될 만한게 전혀 없는데 도대체 뭐가 문제라는건지. "
"817","칼리토","칼리토헐리우드 느와르의 최고봉 "
"818","82년생 김지영","82년생 김지영보는내내 감동했던영화. 눈물이 저절로 흘러내렸다. 이영화는 모두들 보시길바란다. 안보면 후회할영화. 정유미연기에 또한번감동~~ "
"819","82년생 김지영","82년생 김지영"
"820","82년생 김지영","82년생 김지영애초에 원작이 가졌던 업보 "
"821","82년생 김지영","82년생 김지영영화 너무 좋았고 남자입니다. 옛날같았으면 우리어머니 생각난다, 어머니세대의 여자는 이런 아픔을 겪으셨구나 이런 반응이였을텐데, 요즘 페미니스트다. 뭔 별별차별 이야기로 남녀가 대립하는 시대이니 만큼, 남자들도 민감하게 반응하는거같네요. 정말 안타깝습니다. 근데 솔직히 김지영의 이런삶이 우리 사회에서 여자들이 겪는 일이라는거 공감하고 아팠고 제 여자친구에게 더 잘해주고 사랑해주어야 겠다는 생각을해봅니다 "
"822","82년생 김지영","82년생 김지영내나이가어때서이시바바들아 "
"823","너를 만난 여름","너를 만난 여름대만 로맨스영화 생각하고봤는데 훨씬 못미치네요..하지만, 마지막 부분이 잘 만들어져서 인상깊었습니다. "
"824","82년생 김지영","82년생 김지영보는 내내 울었습니다 여성으로서 공감이 많이되는 영화였습니다 "
"825","불꽃 슛 통키","불꽃 슛 통키이 영화 보고 산속에 들어간지 26년째 입니다가족다버리고 드디어 불꽃슛을 완성 했지요아무초등학교 찾아가 피구하는아이들에게 불꽃슛을 보여줄려구했는데 아이들이 안 끼워 주네요ㅠ "
"826","공범","공범심각하다 충격적으로 허접한 영화다 "
"827","나쁜 녀석들: 더 무비","나쁜 녀석들: 더 무비강예원 조동혁 우정출연 이라잖아;;좀 읽어라 ,, 원래 마동석나오는건 뻔한거 아니냐 당연히 19세가 15세로 간건데 조금은 어정쩡할수있고 ? 어휴 진짜 우리나라사람들 지들이 거의 감독이네 ㅋㅋ "
"828","82년생 김지영","82년생 김지영영화내내 많은생각이 들었다 "
"829","크라수에: 인휴먼 키스","크라수에: 인휴먼 키스Krasue: Inhuman Kiss, 2019 "
"830","가장 보통의 연애","가장 보통의 연애"
"831","82년생 김지영","82년생 김지영"
"832","82년생 김지영","82년생 김지영"
"833","82년생 김지영","82년생 김지영"
"834","캡티브 스테이트","캡티브 스테이트Captive State, 2019 "
"835","82년생 김지영","82년생 김지영 베플에 쉐도우복싱하는분들이많으시넹영화 잼나용 한 8점대 영화같음 "
"836","47미터 2","47미터 2가지말라는 곳에 가지말자... "
"837","마션","마션웬만한 액션 영화 뺨치는 스릴과 쾌감. 믿고 보는 거장과 명배우의 콜라보. "
"838","82년생 김지영","82년생 김지영잉? 뭐야? 너무한거 아니냐고 ㅅㅂ "
"839","82년생 김지영","82년생 김지영돈안드는것만 잘한다는데 그럼 니들이 돈좀써서 집도사고 차도좀 사라 여자들 관심분야에 돈안쓴다고 조롱하지말고 "
"840","82년생 김지영","82년생 김지영처음부터 끝까지 집중하게 만드는 영화. 돈이 하나도 안 아까웠다. "
"841","람보 : 라스트 워","람보 : 라스트 워19금 나홀로집에~^^잔인주의!!!! "
"842","조커","조커영화 자체는 수작. 그러나 개인적으로 영화 보는 내내 힘들었음.. 입시 끝나고 머리 식히려고 영화관 오랜만에 갔다가 첫 스타트 부타 아..영화 잘못 선택했구나를 느낌. 가벼운 영화가 결코 아님. 그래도 명작 "
"843","더 보이","더 보이시간대 딱좋은 킬링타임용 , "
"844","82년생 김지영","82년생 김지영정말 재밌게 잘봤습니다!! "
"845","조커","조커새로운 조커의 탄생, 완벽하게 압도당한다. "
"846","더 게임","더 게임평벙한 일상의 소중함이란. 군대 두 번 갔다온 느낌이다. "
"847","검은손","검은손지금 보면서 쓰고 있습니다. 신기하네요. 영화인데, 연극보는 기분이에요. "
"848","더 킹: 헨리 5세","더 킹: 헨리 5세티모시 포텐 터진 영화~~~ 2시간 20분이 순삭~~~또보고싶다 "
"849","아저씨","아저씨지금까지도 난 이 영화가 최고다 "
"850","82년생 김지영","82년생 김지영30대 남성입니다. 영화를 보며 어릴적 순간순간이 많이 떠올랐네요.보는내내 공감가는 장면이 많아서 어머니와 누나도 이랬을까 하고 눈물이 나더라구요.설정이 과하지도, 이상하지도 않은 그냥 우리 주변에서 쉽게 마주할 수 있는 내용이었습니다.모든 배우들 연기가 담백해서 좋았고 정유미씨와 공유씨의 연기는 특히 좋았습니다.이 영화가 더이상 양성 갈등 조장으로 몰리지 않았으면 합니다. "
"851","악마는 프라다를 입는다","악마는 프라다를 입는다코미디와 패션영화를 좋아해요. 거기다 에밀리브론트. 참고로 개봉때 극장에서 보았네요 "
"852","웨더 맨","웨더 맨전혀 기대하지 않았던 의외의 수작. 국내 개봉은 커녕 평점이 하나도 없도록 조용한 작품이지만 뭉클하다. 감독이 의외의 인물이라 더 놀랐음. 니콜라스 케이지는 어뎁테이션이나 리빙 라스베가스나 이런 작품에 잘 어울림. "
"853","벌새","벌새"
"854","마일 22","마일 22반전만 재밌네. 마지막까지 지루 실바 떠드는것만 계속. "
"855","더 큐어","더 큐어끝나기전 한40분? 봤는데 재밌던데요ㅋㅋㅋ그앞이 지루했나...근디 마지막에 왜웃음?ㅜㅜ무섭 "
"856","82년생 김지영","82년생 김지영보고 엄청 울었어요 전혀 낯설지가 않고 익숙한 야기 "
"857","태극기 휘날리며","태극기 휘날리며이렇게 훌륭한 영화를 만들어 주셔서 감사합니다. "
"858","재혼의 기술","재혼의 기술기대안하고 봤는데 개꿀잼 ㅋㅋ "
"859","양자물리학","양자물리학엑시트보다 100배 낫고, 극한직업보다 2% 부족...제목하나 잘못 짓고 졸망한 대표작!안탁깝습니다. "
"860","가장 보통의 연애","가장 보통의 연애스토리에 딱맞는 캐스팅입니다.두배우가 영화를 더 빛나게 했네요 "
"861","재혼의 기술","재혼의 기술그냥 밤에 이런 영화가 있구나 하면서 2배속으로 볼 수 있을 정도의 영화였던거 같음... "
"862","장사리 : 잊혀진 영웅들","장사리 : 잊혀진 영웅들김명민 연기에 즐겁게 봤습니다 "
"863","더 큐어","더 큐어이런걸 꼭 봐야하나?  없는것 투성이 "
"864","양자물리학","양자물리학너무 재밌고  연기가 훌륭합니다.박해수연기 "
"865","조커","조커ㅋㅋㅋㅋ이런 대작보다 피해망상 82년생 김지영이 순위높은 스크린쿼터 대한민국 현실 ㅋㅋㅋㅋ "
"866","매스커레이드 호텔","매스커레이드 호텔일본인들은 이런 탐정 영화를 좋아하기 하지만....너무 지루하네....배우들 출연료 제외하고 제작비가 들어갈 때가 없는 영화임.... "
"867","82년생 김지영","82년생 김지영"
"868","걸캅스","걸캅스나라가 망조군 "
"869","82년생 김지영","82년생 김지영충분히 그럴 수 있고 충분히 현실적인 이야기. 남녀 모두 서로를 이해하며 맞춰갈 수 있는 날이 올 수 있었으면 한다. 보는 내내 가슴이 먹먹 했지만 웃을 수 있는 몇몇 장면들이 있어 좋았다. "
"870","82년생 김지영","82년생 김지영영화 진짜 재밌게 봤습니다. 2번 봤어요도대체 이 영화가 왜 쿵쾅이들 영화라고 불매하는지 모르겠네요 ㅋㅋ 82년이 배경이 아니에요 !^^지금 충분히 저희세대도 공감할수 있는 내용인데요? 제발 보고 까셨으면 ...! 하여튼 돈 안드는건 제일 잘하는 그들 ..ㅎ "
"871","조커","조커미친 연기 말이 필요없다 "
"872","82년생 김지영","82년생 김지영전 4살 아이 키우는 30대 중반 아저씨인데 와이프와 시간 가는 줄 모르고 재미있게 봤습니다.근데 왜이리 죽자고 싸우는지 도저히 모르겠네... 남자든 여자든 이상한 사람은 있기 마련이고 온라인 상에서 그들끼리 싸우는 건가? "
"873","82년생 김지영","82년생 김지영이 페미년들아 장범준씨 인스타를 가봐라 왜이영화가 극혐이냐면 아내가 이영화를 언급하고 장범준씨가 ???? 달았다고 비판이아닌 비난과 욕설 을 쓰고있다 이악플러들아. 장범준이 벌어다주는 돈에 같이육아하고있는데 뭘더 하냐 도대체그리고니들이 82년에 겪지도않았으면서 왜 공감을 하는거여 도대체 ㅋㅋ 진짜 사회악이다 꼴 페미들은 "
"874","존 윅 3: 파라벨룸","존 윅 3: 파라벨룸전작들에비해 늘어난 맨몸액션은 좋은데, 영화후반부에 너무 전개가 생뚱맞아서... "
"875","82년생 김지영","82년생 김지영젠더갈등을 봉합하고 화해의 길을 모색하는 성평등 영화를 만들고자 했으면 적어도 82년생 김지영같은 흉물을 원작으로 삼지 말아야 했던 거 아닌가요? "
"876","82년생 김지영","82년생 김지영"
"877","사랑해! 진영아","사랑해! 진영아갓 띵작으로 질주했지만 모든 것을 날려버리며 수렁으로 곤두박질! 개그감과 사랑스러운 진영이는 인정! "
"878","말레피센트 2","말레피센트 2개연성은 개나줘버렸지만 눈이 호강하는 영화였어요 영상미도 좋고 cg끝내주고 엘르패닝과 안젤리나졸리는 너무 아름답고♥ "
"879","타짜: 원 아이드 잭","타짜: 원 아이드 잭류승범 영화배우 직업 종지부를 찍는 영화. 류승범 돗자리 깔아줬는데도, 이렇게 카리스마 제로(zero)면.. 그냥 엑스트라 거지. 아귀 김윤석 발톱의 때만도 못한. 어차피 류승범은 품행제로, 하나 밖에 없다. 박정민이 전설의 주먹, 하나 뿐이 없듯. "
"880","버티고","버티고영화평론가들납셨네ㅡㅡ지들이 영화를 얼마나 잘알길래. 이래저래 공감안된다 개연성 어쩌구저쩌구 니들이 쳐만들어봐그럼 때리고싶네진짜 "
"881","82년생 김지영","82년생 김지영눈물이 주루룩...결혼 후 엄마가 되었다면 누구나 공감할 수 있는 그런 이야기..보는 내내 가슴이 미어졌다. .나도 엄마가 있다는게 넘 좋다^^ "
"882","82년생 김지영","82년생 김지영지금 내 상황과 같아 너무 공감되었다. "
"883","화려한 휴가","화려한 휴가"
"884","헬보이","헬보이전 재밋게 봤습니다.!! "
"885","82년생 김지영","82년생 김지영모든 안좋은 일들을 합쳐놓은 쓰레기 영화 "
"886","범죄와의 전쟁 : 나쁜놈들 전성시대","범죄와의 전쟁 : 나쁜놈들 전성시대"
"887","82년생 김지영","82년생 김지영머리가 없나...그냥 82년생 김지영이 본인이 생각했을때 사는게 개힘들다는 내용이지 뭘 남녀 나눠서 싸우고들 난리여ㅋㅋㅋ남자셋기들은 확대해석하지말고 여자년들도 사회전체의 문제라고 싸잡아서 얘기할필요없다. 이와중에 잘처먹고 굴곡없이 귀족처럼 살아온 80년대 출생 남녀들도 많다. 니들 힘든거 여기서 개쌩쑈하지말고 노력해서 남들보다 한단계 나은삶을 살 생각들 해라 "
"888","82년생 김지영","82년생 김지영어쩌면 보이지 않았던 가정의 일을 알 수 있는 영화 "
"889","47미터 2","47미터 21보다 한참못한데 평이좋네요 "
"890","나는 내일, 어제의 너와 만난다","나는 내일, 어제의 너와 만난다솔직히 처음 볼 때는 남녀 각각의 시간 개념에 대해서 머리속으로 완벽하게 이해하려다 감동을 놓쳤는데 두번째로 볼 땐 주인공들의 심리에 집중해서 봤더니 감동적이였고 여운도 오래 남았다. "
"891","82년생 김지영","82년생 김지영"
"892","82년생 김지영","82년생 김지영역겹다 역겨워 캬아아아악 퉤 "
"893","82년생 김지영","82년생 김지영Asdfghjklq "
"894","찰리와 초콜릿 공장","찰리와 초콜릿 공장가족의 소중함을 느끼네요 "
"895","82년생 김지영","82년생 김지영남자의 삶은 어떨거 같은데 ㅋㅋㅋ 82년생 같은 소리한다 "
"896","김씨 표류기","김씨 표류기난 아직 이 영화가 국내서 실패한 원인을 모르겠다. 천만영화 보다 못한게 1도 없는  손꼽는 수작인데 .. "
"897","82년생 김지영","82년생 김지영ㅋ베스트 댓글 병@!들 리뷰목록 보니까 여기다 화력지원 좌표찍을라고 새로만든 아이디 몇개에 페미영화 리뷰만 두세개 쓴 아이디도 있네 너넨 여자라서 욕먹는게 아니라 그런 주작질을 하니까 욕 먹는거야ㅋㅋㅋ 세상이 무슨 니네가 여자라서 권리주장 못하도록 막고 목소리 높여 소리치면 그걸 무서워하는줄알아? 아무도 막은적 없고 아무도 안무서워해 그냥 드러워할뿐이야ㅋㅋㅋㅋ 마음만은 독립열사 뺨치누. 페미련들 보면 마인드셋이 무슨 대단한 일하는 혁명투사임ㅋ "
"898","판소리 복서","판소리 복서영화 점수준다는건 무의미 하다 후 그냥 복서라는 스포츠가 발전 되기를 바란다 보는내내 연출은 아쉽기만 매우 아주 매우 아쉽기만 했다 "
"899","82년생 김지영","82년생 김지영평점조작 역겹네 진짜로 "
"900","콜 미 바이 유어 네임","콜 미 바이 유어 네임"
"901","다크 나이트","다크 나이트조커를 본 이후에 여운을 못 이겨 오랜만에 다크나이트 3부작을 정주행했다. 다시 봐도 감명깊은, DC의 어두운 감성을 잘 구현해낸 최고의 영화! "
"902","12 몽키즈","12 몽키즈지구에는 인간이 존재하는게 좋은걸까 "
"903","가버나움","가버나움새벽에 잠이 오지 않아 보기 시작한 영화인데.. 보는 내내 너무나 마음이 아파 숨죽여 오열했습니다ㅠㅠ "
"904","더 룸","더 룸저예산 영화인데 스토리가 꽤 흥미진진하네. 다음 내용이 궁금하게 만드는.. 적당히 몰입감있음. 두 번 볼 필요는 없음. "
"905","울프 크릭 2","울프 크릭 2연기가 소름끼침 시체가 조잡해보여도 연기로커버함 "
"906","82년생 김지영","82년생 김지영82년생은 꿀빤세대다 무슨 차별운운 "
"907","82년생 김지영","82년생 김지영"
"908","조커","조커조울증 환자들 꼭보세요 이거보면 약이 필요없습니다 "
"909","더 폰","더 폰영화라는거 자체에서 딱딱 맞아떨어지는 개연성을 원하는게 바보아님? 이정도면 재밌구만.질떨어지는 영화들이 얼마나 많은데. "
"910","82년생 김지영","82년생 김지영고생도 안하고 자란 여자들이 공감대니어쩌니 개소리하는 꼬라지하고는 "
"911","시크릿 슈퍼스타","시크릿 슈퍼스타이둘의  캐미를 다시 볼수  있어서  너무좋았다.또한번볼수있을까 "
"912","양자물리학","양자물리학가족들이랑 보러갈건데 기대되요 "
"913","82년생 김지영","82년생 김지영이게.왜 남녀갈등조장으로 가는지 모르겠어요 요즘은 인식이 많이바꼈을텐데 엄마 생각하면서 잘봤습니다. 사회 구조적으로 양육문제가 잘 해결돼서 남 녀 둘다 당당하게 사는 세상이였음 좋겠네요. 뭐 몰카나 단톡방 이런 것도 소수의 잘못된 생각을 가진 범죄자들을 다수의 남자 혹은 여자로 매도 하지말았음 좋겠네요. 또한 맘충이라는 뜻도 일부분의 개념없이 행동하는 사람 때문에 생긴 건데 그냥 애 데리고와서 커피만 타먹는 여자에게 그런 인식을 가지는 건 잘못된 것 같네여 잘봤어요 "
"914","캡티브 스테이트","캡티브 스테이트애매~~ 하다. 저예산인만큼 스토리랑 연출로 밀어보려고 한거 같은데 그마저도 난해하다. 아니 난해하다기 보다도 마치 시리즈의 2편부터 보는것 같이 뭔가 앞뒤가 뚝 잘라져있느 느낌이다. "
"915","어린 의뢰인","어린 의뢰인보는 내내 짜증 ㅠㅠㅠ아열받아 "
"916","나쁜 녀석들: 더 무비","나쁜 녀석들: 더 무비마동석연기 ...재미잇어요 "
"917","라스트 모히칸","라스트 모히칸뭐하나 빠지는거 없는완벽한 명작 "
"918","박쥐","박쥐평점왜이러지 이상하네 "
"919","왕의 남자","왕의 남자몰입도를 가중시키는 배경음악, 배우들의 연기력은 물론이며 발성까지 모든게 완벽한 영화 "
"920","선물","선물주연배우들 연기는 물론이고 몰입도도 좋음. 힐링 됨 ㅎㅎ "
"921","82년생 김지영","82년생 김지영현실과 너무 가까워서 보는내내 가슴이 먹먹했고 화가났고 슬펐다 "
"922","유열의 음악앨범","유열의 음악앨범난 영화 좋던데. 뭔가 독립영화나 일본영화 같기도 하고. 정적인 전개지만 배우들 감정연기가 좋아서 지루하지 않았음. 다만 시대적 감성이 더 매끄럽게 녹아들었으면 하는 아쉬움이... "
"923","라이언","라이언ㅇ형 늦도록 안오지않았나 이미그때 그리됐을지도ㅠ 그리고 딱히 크게잼나고 이런건없음 아역이 너무 귀엽 성인남주노 반갑고 얼마전본 호텔어쩌고하는영화서봐서 좋던 그래서 평점 줌 요즘은 어지간한 감동은 눈물이안나네ㅠ늙어서이러나 감수성이 메마르나ㅠ 동백이 향미땜에 엄청 울어서 이러나ㅠ "
"924","82년생 김지영","82년생 김지영너무 좋은 영화였습니다 "
"925","82년생 김지영","82년생 김지영감상평을 죽 보다가 이게 도대체 감상평 쓰는 곳인지 남자욕 쓰는 곳인지 모를정도로 영화감상평은 거의없다. 그저 여초카페, 트위터 세대인 90년대생 한녀들의 남혐놀이터일뿐. 페미나 한녀에 대해 별생각 없는 남자들도 여기 들어왔다가 다 여혐걸려서 나가지 않을까? "
"926","킹덤 오브 헤븐","킹덤 오브 헤븐킹덤 오브 헤븐 감독판 버전으로 올려주세요~3시간쯤 되는 감독버전 영화를 올려주세요~ "
"927","82년생 김지영","82년생 김지영82년생 김지영이 동생부터 밥 퍼주고, 학교에서 남자애들부터 밥먹고, 학교선생님한테 벌받았다고 차별을 느낄때80년생 황도현, 서후원, 81년생 박동혁은 연평해전에서 장렬히 산화했음 한마디로 자존감낮은 여성들의 공감 포르노몰 그이상 이하도아니다. 62년생이면 몰라 82년생???ㅋㅋ그리고 영화주인공처럼생겼으면 차별안당해주위에서 역차별당하지ㅋㅋㅋ 오죽하면 OOOO 일본에서도조차 한국인이 일제강점기 복수로 저책 수출한거라고 하더라ㅋㅋㅋ기가찬다 "
"928","푸른소금","푸른소금개연성과 몇몇 오글거리는 연기땜에 아쉽지만 영상미만큼은 좋다. 술 마시는 장면이 자주나와 가끔 보고나면 술이 땡긴다. "
"929","러브, 로지","러브, 로지남자주인공이 넘나 매력적이라 10점ㅎ여자주인공도 예쁘고 음악도 영상미도 좋습니다. ㅎ 로지와 알렉스처럼 유치원때 처음만난 아주아주 오래된 친구가 있고 각자 결혼도 한 입장에서 보자면..ㅎㅎ 이 영화처럼 각자의 배우자가 마치 짠듯이 똑같이 막장테그를 타지않는 한...ㅎㅎ 이렇게 될 수가 없는 막장 판타지 영화에 가깝죠..ㅎㅎ 결혼이 장난인가요?ㅎㅎ 그래도 일단 남자주인공이 넘나 멋져서 보고 또 보고 또 보는 중입니다^^ "
"930","푸른소금","푸른소금영상미만 좋다 그래서 3점이다 "
"931","82년생 김지영","82년생 김지영"
"932","82년생 김지영","82년생 김지영72년생도 아니고 62년생도 아니고 82년생이 저런거 다겪었다니 로또에 당첨 되신듯 하네요. 대단하신듯 평점 10점 글에 여성의 삶을 표현한 영화라고 했는데정상적인 남편 공유에게 정신병에 가까운 히스테리를 부리는 부인이 여성의 삶인가요?저건 여성의 삶이 아니라 정신과 진료가 필요한 여성의 삶인것 같은데요. 저런 삶을 여성의 삶이라니....맙소사... 정상적인 여성을 펌하하지 마세요... "
"933","조커","조커호아킨 피닉스는 연기의 신 "
"934","82년생 김지영","82년생 김지영이 영화를 보는 사람들에게 묻는다. 당신은 나모씨 자제분 모경원씨 딸과  조모씨 자제분 모국씨 딸에 대해서 비교를 해본 적이 있는가? 혹은, 너 이런 건 잘못한 거잖아 라는 누군가의 꾸지람에 ""XXX 그 애도 그런데요, 왜 나한테만..."" 등의 말로 대답한 적 없는가?네가 이걸 잘못한 거라고 말할 때에, 자기 잘못을 고치기 보다는 다른 이의 잘못을 끄집어 내는 습관이 대한민국에는 만연하고 있다. 여기에서 생각해야 할 내용이 있다. 분명한 것은, 82년생 김지영은 여성문제를 다룬 것은 문제가 아니다. 그렇기 때문에 여기에서 82년생 남자도 힘들었다라고 말하면, 그것은 말이 안된다. 내가 길게 설명한 이유는 여기에 대부분 남자들도 힘들다라는 것으로 이영화를 비판하는 사람들이 많기 때문이다. 그것운 분명 잘못 된 것은 맞다.하지만, 지금 여기에서 영화도 안 보고 라고 말하면서 사람들을 뭐라하는 사람들이 제대로 생각이 있었다면, 이 영화는, 소설은, 욕먹어서 마땅하다는 것을 인지 했어야 한다. 문제의 원인이 사회의 구조와 관련해서 고쳐지지 않은 것들에 대한 내용이라면 차라리 낫다. 문제의 원인은 가부장적인 사회와, 남자들로 인한 것으로 되어 있기 때문에 문제이다. 그에 대해서 불공평을 느끼는, 혹은 불공정을 느끼는 것들이 상대적으로 남자들에게도 해당되고 있는데도 불구하고, 여성 입장이라는 측면으로 말하면서 여자 탓이아니라 남자 탓이다로 귀결되는 느낌을 주고 있다는 것을 왜 무시하는가.남자들이 차별 받은 이유가 여자 때문이라고 남자들 중에 말하고 있는가? 사회적으로 그렇게 자라서 남자는 참고, 군대가고, 이런 것들이 불공평하다고 하는 것이, 여자들이 그렇게 만들었다고 하는 것일까? 82년생 김지영은 사회적으로 차별받은, 그리고 미칠듯한 모든 일들이 남자들이 이끄는 사회 때문이라는 식으로 느껴지게 했다. 나는 그것에 거부감을 느낄 뿐이다. 차별되는 것들에 대해서 공감은 하지만, 그 원인이 왜 남자들에게만 있는가? 당신네 어머니들은 그렇게 만들지 않았던가? "
"935","82년생 김지영","82년생 김지영이 영화에 무조건적으로 반감 가지는 분들이 있는데.. 이 영화 있죠, '한국여자 다 이렇게 살아. 그니까 남자들 너네 반성해!' 이거 아니구요.. '우리 사회에 아직도 이런저런 부조리한 부분들이 있고 이런 고충을 겪으며 살아온 혹은 살고 있는 사람도 있다. 그니까 한번쯤 이해를 해보자' 그냥 그런 거예요. 그 이상도 이하도 아니라고요.. 도대체 왜 싸우는 거야 이걸 가지고... 참 진짜 한심해서 어휴 진짜... "
"936","82년생 김지영","82년생 김지영"
"937","걸캅스","걸캅스라미란씨와 이성경씨의 몸을 사리지 않는 연기에 아낌없는 박수를 드리고 싶어요. 우리 사회에 퍼져있는 문제들에 대해 결코 가볍지만은 않게 풀어나가는 모습이 인상적이였습니다. 더 많은 응원을 보내드리고 싶어요. "
"938","82년생 김지영","82년생 김지영"
"939","바람난 가족","바람난 가족20대때 그냥 생각없이 봤었고.. 영화를 다시본 지금 현재는 33살 유부남 입니다시대를 뛰어넘는 스토리라기보다는현재의 우리내의 삶을 비판하고자만든 영화라고 생각합니다...다시 한번 잘 봤습니다.. "
"940","82년생 김지영","82년생 김지영82년 생이아니라  50년생김지영이였으면 공감되겠는데 개공감안됨 "
"941","다크 나이트","다크 나이트"
"942","조커","조커"
"943","다크 나이트 라이즈","다크 나이트 라이즈DC는 정말 이 배트맨 3개의 시리즈에 감사해야한다... 배트맨 아니였음 내세울게 하나도 없는 처량한 신세가 될뻔.. "
"944","조커","조커정신병자 잘못 건드리면 주옥 될 수 있다는 깨달음을 준 영화. 한명의 정신병자를 섬세히 관찰한 기분. 비참함이 이해되지만 타락의 길을 선택한 아서를 지지할 순 없네요 "
"945","토이 스토리 4","토이 스토리 4엔딩 이게 뭐야... 내가 알던 우디는 주인이 없는 버려진 장난감이 되는 걸 스스로 선택할 애가 아닌데 "
"946","워리어","워리어이거 너무 재밌네. 톰 하디 연기 쩐다 "
"947","82년생 김지영","82년생 김지영내용은 잘 모르겠고..공유랑 정유미가 나옴. 상황들이 진짜 영화에서나 나오는 상황들이라 공감이 별로...ㅋㅋ 화장실 몰캌ㅋㅋ 여자의 희생강요? 일본을 배경으로 한 한국형 일본 영화임. "
"948","82년생 김지영","82년생 김지영"
"949","보안관","보안관"
"950","82년생 김지영","82년생 김지영옛날 아버지세대들은 자기가 가족 먹여살려야한다는 책임감이 있어서 울엄마 포함 옛날 어머니들 거의 전업주부셨고 집안일만 잘하면 됐어~ 요즘 남자들 너도나도 맞벌이는 원하면서 육아랑 집안일 기껏해야 돕는다고나 하고, 여자들은 직장생활에 집안일에 육아까지 떠앉게 되었는데 꿀빤다는 O소리좀 그만해라 하~ "
"951","더 울프 오브 월 스트리트","더 울프 오브 월 스트리트베리굿..   매우  교훈적이라 볼 수 있으며, 재미있다... "
"952","82년생 김지영","82년생 김지영보면서 저희 엄마의 이야기와 제가 겪어온 일들이 겹쳐 많이 울었던 것 같습니다. 정말 공감이 되는 내용들이였고 스토리가 잘 이어지는 것 같았어요. 한국에서 여자로 살면서 느꼈던걸 새삼 다시 느끼게 되었던 것 같아요. 지금은 혼자 봤지만 엄마랑 함께 보러갈 예정입니다. 저도 살면서 많이 들어왔던 말이었기에 영화를 보면서 화도 많이 났지만 세상은 변하고 있고 더 변할거라고 생각합니다. 이 영화를 계기로 저런 말들을 하시던 분들이 자신이 무심코 뱉은 말을 한번더 생각해 보시길 바랍니다. "
"953","47미터 2","47미터 2공포영화의 필수요소 발암일으키는 것들이딱있다 진짜 니콜은 후드려패고싶을정도 알렉사도 가만안두고싶네 아오빡쳐 "
"954","선물","선물평점 너무 높네요딱7~8점대가 맞는듯 "
"955","녀녀녀","녀녀녀개꿀잼에요 ㅎㅎ구지성짱 "
"956","조커","조커눈을뗄수 없었다... "
"957","82년생 김지영","82년생 김지영캐스팅이 잘못됨. 스토리에 맞게 82kg짜리를 골라야지 무슨? "
"958","82년생 김지영","82년생 김지영걍 여자로 태어나면 일단 피해망상 오지는 국가임여자는 살면서 힘들면 안돼고 남자는 살면서 힘들어도 됌 ㅎ여자는 일단 뭔가 귀족임OO들 "
"959","82년생 김지영","82년생 김지영"
"960","강남 1970","강남 1970"
"961","화이트 보이 릭","화이트 보이 릭마약과 폭력 그리고 콩가루 집안을 아주 잔잔하게 잘 그려낸 영화. "
"962","재혼의 기술","재혼의 기술나도 재혼하고 싶다만 이 기술은 사양할란다. "
"963","82년생 김지영","82년생 김지영남성들을위로할 영화도 좀 나오길, 요즘 20 30대남성분들 피눈물 흘리고삽니다.. "
"964","그린 마일","그린 마일진짜 명작... "
"965","벌새","벌새뻔한 전개와 파편화된 장면들의 연속. 지루하다 "
"966","82년생 김지영","82년생 김지영내 이야기 위로받는 느낌이었다 "
"967","82년생 김지영","82년생 김지영이거 보는얘들 거르면 되는거지? "
"968","장화, 홍련","장화, 홍련어릴때 봤던 영화고 공포영화 본것중에 꼽으라면 장화홍련 탑에 들어가는 영환데 아직까지 혼자 못보겠음ㅜㅜ 같이보는 사람없음 못볼 영화 근데 촬영한 기법?이나 그 분위기 와 진심 미쳐요 진짜 재밌음 귀신 나오는거 못보는 분들은 꼭 누구 한명이라도 같이 보길 아님 술먹고보는 방법도 괜츈!!ㅋㅋ "
"969","봉오동 전투","봉오동 전투결말 알고있어도 정말 김장하며 봤네요 ㅠㅠ 일본 만행에 화가 나다가도 유해진배우 칼쓰는 거 보면서 스트레스가 풀리더라.. 우리 조상님들 아니었으면 지금 이렇게 편하게 살고있을까 하고 다시한번 감사함을 느꼈어요 내가 저당시에 살았다면 어땠을지.. 그리고 여기 나오는 진짜 일본배우분들 대단한듯요.. "
"970","클래식","클래식"
"971","82년생 김지영","82년생 김지영여성의 삶에 대한 현실을 잘 나타낸 영화라고 생각해요.. 잘봤어요!세상에 모든 김지영을 응원합니다. "
"972","스노우 화이트","스노우 화이트이지벨 위페르는 갈수록 실망만 더해가는 구나 "
"973","가장 보통의 연애","가장 보통의 연애"
"974","82년생 김지영","82년생 김지영신혼부부들 보고 서로가 힘내는 영화가 되길 바랄게여난 남자이지만 추천합니다 "
"975","82년생 김지영","82년생 김지영하.. "
"976","82년생 김지영","82년생 김지영많은 이들이 꼭 보았으면 합니다. "
"977","82년생 김지영","82년생 김지영내가 꼭 감정을 잃어버린 사람처럼 숨이 막혔음.저들중에 내가 끼일곳은 하나없는데 내게 사죄를 강요하는 기분임.이게 아니라면 대체 뭘 원하는거고, 뭘 느끼란건가? "
"978","82년생 김지영","82년생 김지영"
"979","82년생 김지영","82년생 김지영정말 공감되는 얘기라 집중해서 봤습니다.저를 포함해서 대부분의 미혼여성들 뿐만 아니라 기혼여성들도 공감되는 부분이 많을 것입니다.아직 안보신 분들에게 꼭 추천드립니다! "
"980","82년생 김지영","82년생 김지영너무 감동적인 영화에요. 우리나라 과거와 현실을 한 여자를 통해 잘 보여준 영화로써 많은 공감을 받았습니다.모두가 함께 꼭 봐야 할 영화라고 생각합니다.저는 또 볼라고요.. 위로받고 싶어서요.. "
"981","푸른소금","푸른소금참 할말없게 별로인 영화인데 그놈의 ost가 너무 좋고, 유치한 아저씨와 소녀의 스토리와 잘 어울려서 티비에서 방송할때마다 틀어놓게 됨 "
"982","82년생 김지영","82년생 김지영딱 3점어치 영화였습니다. 요즘 말이 많아서 보고왔는데, 한동안 한국 영화는 다시 손에도 안댈 것 같네요 "
"983","코코","코코내 나이 37세... 이 영화를 보며 눈물을 흘리고 있다. 기억할게요...영원히... "
"984","82년생 김지영","82년생 김지영배우빨입니다.  그리고 이영화는 보면볼수록 이해할수가없는 그런영화 페미영화라는데 난잘모르겠어요 한마디로 OO노잼여자친구랑봐서 그냥 그거때문에 봤어요 돈아끼세요 여러분!이돈으로 새우깡하나라고 더사먹으십쇼 형님들저알바아닙니다 "
"985","82년생 김지영","82년생 김지영친구들이랑 같이 보러가기보다 엄마아빠랑 같이 봤으면 하는 영화. 어린 나이에 아빠한테 시집와서 갖은 고생 다 하면서 사신 엄마에게 보여주면 그 동안 고생했던 반의 반이라도 위로가 되었으면 "
"986","82년생 김지영","82년생 김지영이 영화를 보고 욕하는 사람이야말로 믿고 걸러야겠어요^^공감은 못할수도 있죠. 자신이 겪어보지 않았으면....공감 못한다고 욕하는건 자신이 괜찮은 사람인지 정신과 상담 받아봐야하는거 아닌가요하하 "
"987","82년생 김지영","82년생 김지영(꽤많은)여자들이 그렇다는데 왜 여자도 아니고 겪어보지도 않은 남자 너네가 아니래?막말로 남자들중에서도 기혼남이나 공감능력 있는 남자들은 (어느정도)맞는말이다,미안하다,진짜로 몰랐었다 이러는데-- "
"988","햄버거 힐","햄버거 힐고지 위에 선 그들의 허탈한 웃음이 잊혀지지 않는다 "
"989","엑시트","엑시트스토리도 그렇고 진짜 신선하다 와 그런데 이거 보면서 나도 뭐 배워놔야될거같고.... 보면서 손에 땀 엄청 났음..  연기자들 다 연기 잘하고 진짜ㅋㅋㅋ조정석 생활연기는 알아줘야돼.. "
"990","말레피센트 2","말레피센트 2너무 재밌었어요 "
"991","선물","선물"
"992","인피니틀리 폴라 베어","인피니틀리 폴라 베어"
"993","82년생 김지영","82년생 김지영한국에서 아이를 키운다는게 얼마나 힘든일인지집과 남편과 부부의 사랑이 있음에도.특히 경상도 시엄마.매 장면마다 울컥 거렸다남편과 같이 보러 한번더가겠다 "
"994","82년생 김지영","82년생 김지영진짜 너무 슬퍼서 눈물줄줄 손발벌벌ㅠ 이제 이거 안본 사람이랑 겸상 못함,,,, 꼭보세요,,, "
"995","82년생 김지영","82년생 김지영마지막에 다 보고 나서 드는 생각은 ‘그래서 뭐?’ "
"996","82년생 김지영","82년생 김지영처음에는 책이랑 많이 달라서 놀랐지만 감동도 있고 각색을 잘 한거 같아요. 연기도 좋고. 저는 특히 지영이의 친정식구들 연기가 좋았어요. 책도 재밌게 읽었는데. 영화도 정말 잘 봤습니다. "
"997","82년생 김지영","82년생 김지영모두가 알고 있었지만 외면해왔던 누군가의 어머니, 누군가의 아내, 누군가의 며느리, 누군가의 딸의 이야기. 하지만 진정 되어야 할 것은 누군가의 무엇이 아닌  '사람' 김지영 "
"998","변산","변산뭐지 겁나 매력적이네 영화;; "
"999","미이라","미이라킬링타임용..이긴한데 보다 잘수도있어요 "
"1000","82년생 김지영","82년생 김지영꼭 눈물닦을거 가져가세요. 눈물 참느라 힘들어서 콜라에 주둥이 박고 이악물었다 "
